first.name,last.name,ID,h.index,i10.index,citations,years.active,tweets,following,followers,username
Matteo,Morini,pmo191,1,0,4,11,652,316,171, @_marameo_ 
Stuart,Campbell,pca940,1,1,11,1,2000,725,727, @_stuartcampbell 
Stephen,Williamson,pwi12,18,32,1595,33,"3,963",37,"2,988", @1954swilliamson 
Antonin,Bergeaud,pbe904,4,4,77,4,519,346,270, @a_bergeaud 
Alessandro,Gavazza,pga173,9,9,193,10,711,315,310, @a_gavazza 
Andrea,Guariso,pgu517,3,1,31,5,80,374,150, @a_guariso 
Annamaria,Lusardi,plu347,27,47,4121,27,"9,979",554,"5,988", @a_lusardi 
Andrea,Presbitero,ppr57,15,17,813,14,"14,500",855,"1,394", @a_presbitero 
Aaron,Sojourner,pso238,7,5,96,16,"12,600","1,976","2,146", @aaronsojourner 
Abdelkader,Djeflat,pdj24,1,0,3,32,79,54,52, @abdelkaderdjefl 
Antoine,Belgodere,pbe372,2,0,14,9,"1,879",341,562, @abelgo_optimum 
Alexandre,Berthe,pbe968,1,0,6,4,82,222,56, @aberthep7 
Abhinay,Muthoo,pmu6,11,13,783,30,77,20,133, @abhinaymuthoo 
AntÃ?nio,Moniz,pmo357,2,1,24,28,"1,708","1,393",564, @abmoniz 
Adam,Wagstaff,pwa284,31,60,3483,34,897,112,"1,470", @adamw2011 
Adriana,Camacho,pca400,8,7,269,10,1725,306,"1,735", @adcamach 
Asli,Demirguc-Kunt,pde226,60,125,12474,28,288,68,780, @ademirguckunt 
Ana,Diaz Escobar,pdi179,4,1,44,15,"2,655",697,764, @adiazescobar 
Andreas,Drichoutis,pdr28,9,8,205,15,"11,000","1,206",866, @adrihout 
Andres,Giraldo,pgi58,2,0,13,12,"30,700","1,710",867, @af_giraldo 
Amelie,Constant,pco117,18,28,1047,15,371,338,227, @afconstant299 
Alvaro,Garcia-Marin,pga581,5,3,74,11,509,457,274, @afgarciam 
Martin,De Wit,pde503,2,2,44,15,"2,284","1,032","1,266", @africaeconomist 
Afsin,Sahin,psa1016,3,0,24,9,12,320,87, @afsinsahin 
Andrea,Garnero,pga606,5,4,120,8,"9,956","1,541","2,055", @agarnero 
Alexia,Gaudeul,pga133,4,0,34,12,"3,758",924,460, @agaudeul 
Alejandro,Gaviria,pga134,13,26,913,24,"35,900","1,249","191,000", @agaviriau 
AgnÃ¨s,Benassy-Quere,pbe105,20,34,1336,25,50,47,415, @agnesbq1 
AndrÃ©s,Ham,pha399,2,1,23,11,"2,822",377,307, @ahamg 
Ahmed,Skali,psk106,1,0,3,2,450,301,151, @ahmedskali 
Matthew,Collin,pco702,4,1,40,4,4892,"2,811","3,465", @aidthoughts 
Natalia,Smirnova,psm25,1,0,3,10,527,187,286, @aier_natalia 
Alba,Collart,pco693,1,0,3,7,229,234,209, @ajcollart 
Andrew,Scott,psc65,14,16,846,24,726,426,"1,321", @ajslondon1 
Aykut,Kibritcioglu,pki1,5,3,81,19,"22,200","1,898","9,692", @akibritcioglu 
Alan,Krueger,pkr63,51,106,14740,31,"2,876","1,575","17,900", @alan_krueger 
Alan,Barreca,pba1012,7,7,271,8,"1,327",396,321, @alanbarreca 
Alan,Reynolds,pre514,1,0,7,33,"9,718",783,"1,548", @alanreynoldsecn 
Alberto,Bagnai,pba221,6,3,89,22,"165,000",562,"75,600", @albertobagnai 
Alberto,Russo,pru93,10,10,425,13,"1,848",395,498, @albertorusso76 
Anne-Laure,Delatte,pba350,10,12,264,10,"2,340",160,"1,492", @aldelatte 
Alejandro,Marquez-Velazquez,pma1766,2,0,5,5,795,671,287, @ale_marquez 
Alessandro,Di Nola,pdi453,1,1,12,2,"3,693",270,243, @aledinola 
Alejandro,Cid,pci120,2,0,18,15,409,64,562, @alejandrocid_uy 
Alessia,Paccagnini,ppa357,7,3,118,10,484,"1,447",315, @alessia_metrics 
Alex,Bryson,pbr105,14,23,854,19,378,8,439, @alexanderbryson 
Alexander,Dilger,pdi181,4,1,68,20,"2,813",160,515, @alexanderdilger 
Alexander,Hijzen,phi32,15,21,786,16,109,194,159, @alexanderhijzen 
Alex,Cobham,pco8,6,3,123,10,25400,"2,570","7,983", @alexcobham 
Alfons,Weichenrieder,pwe106,17,25,757,22,109,229,425, @alfonsj64 
Alfredo,Coutino,pco822,1,0,5,20,2997,14,865, @alfredocoutino 
Alina,Botezat,pbo559,2,0,11,7,166,414,39, @alina_botezat 
Anna,Josephson,pjo314,2,2,42,5,"3,138",156,82, @aljosephson 
Amber,Osman,pos57,2,0,16,6,171,258,145, @amb3r12 
Arsenio,Balisacan,pba300,9,9,344,35,743,184,526, @ambalisacan 
Angelo,Fasolo,pfa283,3,0,17,12,"14,300",815,937, @amfasolo 
Amine,Ouazad,pou20,4,3,59,10,"2,886","1,524",903, @amine_ouazad 
A.,Spence,psp7,23,30,4524,43,44,126,"10,800", @amspence98 
Analisa,Packham,ppa1176,2,0,11,2,935,225,373, @analisapackham 
Ana,IbÃ¡Ã±ez,pib11,9,9,237,15,"2,423",975,"8,112", @anamibanez 
Annette,Brown,pbr630,4,2,73,24,"2,221",137,932, @anbrowndc 
Anda,David,pda522,3,0,20,8,"2,522","1,041",656, @anda__david 
AndrÃ©,Farber,pfa137,3,1,52,39,11,22,25, @Andre_Farber 
Andrea,Roventini,pro188,12,13,703,13,"1,082",152,"1,653", @andrearoventini 
Andreas,LÃ¶schel,pls1,17,26,961,18,"10,200","2,509","3,326", @andreasloeschel 
AndrÃ©s,Dean,pde608,5,2,107,9,"1,130",629,447, @andresdeanc 
Andrew,Leach,ple228,6,4,142,13,"80,500","1,887","19,000", @andrew_leach 
Andrew,Jones,pjo98,27,44,2303,31,128,77,630, @andrew_m_jones 
Andrew,Martinez,pma1768,3,0,15,6,211,82,58, @andrewbmartinez 
Andrew,Levin,ple143,29,40,7456,22,163,101,712, @andrewtlevin 
Andrew,Watt,pwa731,4,0,39,13,"3,437",280,816, @andrewwatteu 
Andrew,Zeitlin,pze70,4,1,39,4,433,854,841, @andrewzeitlin 
Andrzej,Klimczuk,pkl107,1,0,5,11,"15,500","6,143","5,601", @andrzejklimczuk 
Angel,Melguizo,pme327,7,3,131,18,"8,578",415,"3,083", @angelmelguizo 
Angel,Ubide,pub1,9,9,332,21,"1,147",423,"2,165", @angelubide 
AndrÃ©s,LÃ?pez,plp8,5,3,139,23,"3,956",645,"1,802", @anlopez1962 
Anne,Lavigne,pla407,2,0,16,33,"5,624",207,855, @anne__lavigne 
Anne,Boring,pbo736,2,0,9,2,"1,202",783,611, @anne_boring 
Antoine,Missemer,pmi711,2,0,8,7,479,599,779, @ant_mis1 
Anthony,Evans,pev27,2,0,9,10,"10,400",378,"1,362", @anthonyjevans 
Antoine,Berthou,pbe393,10,11,316,11,652,209,367, @antoineberthou 
Antonio,Fatas,pfa1,17,19,1624,23,"4,588",128,"3,262", @antoniofatas 
Antonio,Mele,pme328,1,1,15,9,"15,200","3,072","1,021", @antoniomele101 
Anushree,Sinha,psi276,2,0,9,16,16,16,4, @anushreesinha1 
Aparna,Soni,pso521,2,1,20,1,57,185,159, @aparnasoni7 
Andreas,Peichl,ppe202,18,32,1237,16,"5,324","1,841","2,088", @apeichl 
Alessandro,Rebucci,pre6,18,26,988,18,133,358,281, @arebucci1 
Agustin,Redonda,pre377,1,0,7,8,"2,001",513,163, @aredonda 
Areendam,Chanda,pch59,10,10,1077,15,618,289,160, @areendam_c 
Arthur,Turrell,ptu183,1,0,7,1,"3,386",719,515, @arthurturrell 
Angeloantonio,Russo,pru281,5,5,154,11,398,423,252, @arussophd 
Arvind,Subramanian,psu108,24,35,4562,24,998,48,"94,000", @arvindsubraman 
Asma,Baloch,pba262,4,2,58,12,"1,301",159,326, @asmahyder 
Alexander,Tabarrok,pta201,7,6,287,23,"1,152",317,"18,000", @atabarrok 
Ata,Bertay,pbe694,3,3,140,6,908,328,212, @atabertay 
Anne,Kuriakose,pku309,2,0,9,10,"1,719","3,519",679, @atkuriakose 
Marta,Portela,ppo255,3,2,32,14,"8,502",924,334, @atrampm 
Aleksandr,Gevorkyan,pge178,2,0,10,10,722,424,290, @avgevorkyan 
Eva,Vicente,pvi249,2,0,10,26,"3,676",20,288, @aviceisza 
Avi,Goldfarb,pgo53,16,24,827,16,"1,174",454,"1,504", @avicgoldfarb 
Barry,Eichengreen,pei2,54,176,10280,38,"2,113",0,"30,400", @B_Eichengreen 
Ruediger,Bachmann,pba751,12,13,771,13,"6,468",67,740, @bachmannrudi 
Richard,Baldwin,pba124,44,76,6422,30,"22,900","1,311","16,200", @baldwinre 
Bastiaan,Quast,pqu133,1,1,12,1,145,373,116, @baquast 
Barrett,Kirwan,pki135,5,4,198,13,"8,125","1,213",825, @barrettkirwan 
David,Flynn,pfl24,1,0,2,9,"35,700",501,619, @barterisevil 
Bart,Wilson,pwi115,11,16,419,19,"2,701",108,486, @bartwilson 
Moreno,Baruffini,pba745,1,0,3,4,623,414,137, @baruffinimoreno 
Bernardo,Batiz-Lazo,pba14,3,0,26,16,"74,600","2,618","2,530", @batizlazo 
Boris,Branisa,pbr324,6,4,94,7,"4,773","1,199",335, @bbranisa 
Barbara,Casu,pca151,13,15,681,17,69,81,48, @bcasulukac 
Beatriz,Garcia Osma,pga265,6,5,87,12,372,86,110, @beagosma 
Pablo,BraÃ±as-Garza,pbr52,13,15,449,18,551,455,"1,320", @behsnaps 
Benjamin,Elsner,pel117,6,4,110,7,479,"1,007",610, @ben_elsner 
Ben,Bernanke,pbe55,42,65,17993,34,61,2,"98,900", @benbernanke 
Jonathan,Benchimol,pbe432,2,1,31,6,259,832,703, @benchimolium 
BenoÃ®t,Nguyen,png225,3,1,18,1,442,117,243, @benoit_nguyen 
Benoit,Dostie,pdo7,8,8,302,20,897,256,374, @benoitdos 
Benoit,Mojon,pmo43,22,25,1826,24,106,212,331, @benoitmojon 
Yonatan,Ben-Shalom,pbe736,3,1,72,21,993,465,230, @benshalomy 
Nicoletta,Berardi,pbe700,3,1,39,9,70,95,250, @berardi_n_ 
Bernardo,Guimaraes,pgu115,8,7,323,15,674,122,"1,935", @bernardogmrs 
Betsey,Stevenson,pst145,15,15,1381,15,"3,625",687,"30,400", @betseystevenson 
Jonathan,Nitzan,pni2,7,3,200,29,266,43,108, @bichlernitzan 
Vincent,Bignon,pbi82,5,2,83,17,202,109,134, @bignonvincent 
William,Craighead,pcr146,2,1,27,8,434,299,76, @bill_craighead 
William,Easterly,pea1,42,77,9636,27,"13,400","1,986","108,000", @bill_easterly 
William,Goffe,pgo13,4,3,285,16,327,94,166, @billgoffe 
Patrick,Van Cayseele,pva331,7,4,438,25,605,657,300, @bjvca 
Blanca,Sanchez-Robles,psa130,5,3,313,19,56,"3,608","4,246", @blancasanchezr1 
Ralf,Dewenter,pde639,10,11,261,14,"1,043",277,281, @blog_m 
Fabien,Candau,pca221,3,1,68,12,"2,639",997,962, @blogageco 
Benedicta,Marzinotto,pma1298,5,4,78,10,"1,102",258,394, @bmarzinotto 
Bogdan,Oancea,poa5,2,0,20,12,844,386,69, @bogdan__oancea 
Jean-Marc,Bonnisseau,pbo292,11,13,274,31,59,25,62, @bonnisseaujm 
Jamal,Bouoiyour,pbo522,7,5,186,26,600,439,215, @bouoiyour_b 
Brandon,Restrepo,pre412,2,0,11,1,25,218,36, @brandonbits 
Branko,Milanovic,pmi44,18,35,1283,35,"35,200",931,"45,700", @brankomilan 
Brent,Moulton,pmo70,10,10,1956,28,252,530,848, @brent_moulton 
Brian,Lucey,plu85,21,35,1560,14,"105,000",538,"21,300", @brianmlucey 
Brigitte,Granville,pgr152,7,6,145,20,"6,183","1,317","1,746", @brigranville 
Brooks,Kaiser,pka278,7,4,86,22,"4,316","1,571",770, @brookskaiser 
Taggert,Brooks,pbr669,4,3,120,17,"1,920",476,254, @brookstagg 
Bruno,Martorano,pma2054,5,3,89,8,87,243,156, @bruno_martorano 
Bryane,Michael,pmi53,1,0,5,14,529,337,129, @bryanebryane 
Battista,Severgnini,pse182,5,2,59,9,556,932,320, @bsevergnini 
Paul,Burke,pbu214,9,8,214,24,"2,665","1,138","1,244", @burke_ec 
Christina,Gravert,pgr385,4,1,51,5,228,245,391, @c_a_gravert 
Cristiano,Cantore,pca433,7,3,104,8,16700,735,356, @c_cantore 
Corrado,Giulietti,pgi169,9,9,269,8,324,323,425, @c_giulietti 
Carmelo,Petraglia,ppe156,7,7,213,15,"2,993",221,416, @c_petraglia 
Laura,Grant,pgr248,3,2,52,9,"1,412",477,566, @c0ntributary 
Catalina,Granda Carvajal,pgr245,1,0,8,14,127,413,405, @c2granda 
Antonio,Cabrales,pca5,18,28,893,25,1952,406,"2,642", @cabralestweet 
Julia,Cag√©,pca601,5,2,66,10,4614,"1,858","13,300", @cagejulia 
Carlos,MatÃ©,pma1469,3,1,30,15,28,67,38, @carlomate 
Carlos,Ospino,pos65,3,1,25,9,"13,900",665,652, @carlos_g_ospino 
Carlos,Medina,pme245,7,2,157,24,"7,766","1,532","1,163", @carlosmedinad 
Carlo,Stagnaro,pst436,1,0,5,9,"61,200","2,994","21,200", @carlostagnaro 
Carmen,Reinhart,pre33,68,115,23897,29,11,28,"1,100", @carmenmreinhart 
Juan,Vargas,pva96,6,4,314,15,"3,498",152,482, @carminaovargas 
Edward,Cartwright,pca11,6,2,100,16,65,89,23, @cartwright_e 
John,Cawley,pca6,22,39,2161,21,1466,562,"2,011", @cawley_john 
Christopher,Blattman,pbl37,10,10,750,15,"19,300","2,612","61,200", @cblatts 
Carlo,Carraro,pca270,22,39,1947,32,1424,190,"1,314", @ccarraro_unive 
Christian,Daude,pda243,10,12,659,20,"5,559",500,"1,613", @cdaude 
Cecilio,Tamarit,pta130,14,23,538,24,"4,659",182,248, @cecilio31 
Carlos Eduardo,HernÃ¡ndez,phe236,2,0,7,2,"1,290",708,368, @cehernandezecon 
CÃ©line,Guivarch,pgu160,10,11,274,10,"1,028","1,161","1,020", @celineguivarch 
Cengiz,Tunc,ptu131,2,0,11,4,"1,169",74,24, @cengiz_tunc 
Christopher,Baum,pba1,19,44,2822,41,543,70,119, @cfbaum 
Carlos,Guerrero-de-Lizardi,pgu157,2,0,12,19,"5,053",311,407, @cgdelizardi 
Chad,Bown,pbo555,14,22,631,16,"7,914",580,"46,600", @chadbown 
Charles,Kenny,pke79,8,8,332,19,"19,400",409,"19,600", @charlesjkenny 
Chloe,Gibbs,pgi306,1,0,7,1,"1,321",556,"1,052", @chloergibbs 
Michael,Christl,pch1472,2,0,7,3,4650,422,793, @chr_mich 
Christophe,Godlewski,pgo98,7,6,163,14,"32,900",392,572, @chrisjgodlewski 
Christian,Ketels,pke167,7,6,115,21,"1,168",165,"1,480", @chrisketels 
Christopher,Sampson,psa1048,1,0,1,5,"3,286",971,"1,150", @chrissampson87 
Christophe,Gouel,pgo250,8,7,178,11,16,63,55, @christophegouel 
Christian Alexander,Mongeau Ospina,pmo915,1,0,3,3,948,224,432, @chrmongeau 
Christian,Traxler,ptr50,11,12,427,13,488,289,486, @chtraxler 
George,Van Houtven,pva328,8,7,154,13,"3,143",962,690, @chvanhoutven 
Casey,Wichman,pwi342,1,0,7,4,"1,268",477,446, @cjwich 
Claudia,Kemfert,pke85,15,16,924,20,"5,110",368,"7,982", @ckemfert 
Keith,Head,phe156,29,41,5094,24,"2,807",258,503, @ckhead 
Caroline,Krafft,pkr274,5,3,94,15,170,"1,752",486, @ckrafftc 
Claudia,Girardone,pgi106,12,13,605,14,110,243,139, @clagirardone 
Claire,Zanuso,pza297,1,0,2,2,"1,087",548,413, @clairezanuso 
Cristian,Larroulet Vignau,pla743,2,1,21,32,"11,200",997,"65,700", @clarroulet 
Claudio,Ferraz,pfe125,8,8,593,18,"4,796",722,"2,681", @claudferraz 
Claudia,Sahm,psa596,6,4,213,12,"10,400",700,"7,039", @claudia_sahm 
ClÃ©ment,Marsilli,pma1639,3,2,40,5,894,670,315, @clementmarsilli 
Cl√©o,Chassonnery-Za√Øgouche,pch1191,1,0,1,5,1027,745,427, @cleocz 
Christopher,Colvin,pco292,2,0,12,11,656,590,722, @cliochris 
Catherine,Mann,pma1323,13,16,731,32,"2,943",287,"4,550", @clmannecon 
Clemente,Pignatti,ppi447,2,0,11,3,589,440,297, @clpignatti 
Christian,Hafner,pha77,18,24,723,22,91,217,83, @cmhafner 
Christopher,Meissner,pme45,16,18,810,17,429,277,550, @cmicmeissner 
Giuseppe,Forte,pfo292,1,0,3,1,100,178,24, @cmlrqn 
C. Monica,Capra,pca93,9,9,312,14,683,197,239, @cmoncap 
Jorge,Miranda Pinto,pmi490,1,0,2,2,"1,600",537,270, @cokemp 
Colin,Williams,pwi356,6,3,192,27,"9,837","5,079","4,652", @colin_cwilliams 
Colm,Harmon,pha269,20,32,1988,24,"8,021",921,"1,721", @colmharmon 
Darren,Hudson,phu82,9,9,392,22,"2,041",450,828, @competitiveag 
J. Ignacio,Conde-Ruiz,pco86,10,10,576,22,8887,371,"11,200", @conderuiz 
Michael,Powell,ppo453,3,2,31,8,338,693,540, @convexify 
Christian,Posso,ppo308,5,1,50,12,837,497,309, @cpossosu 
Chandan,Sapkota,psa834,2,0,9,1,"18,400",981,"11,400", @csapkota 
Kim,Holder,pho644,2,0,5,1,"16,500","2,639","2,072", @cubegrl 
Roberto,Veneziani,pve214,7,4,146,1,"1,941","2,311",663, @cuginoid 
Christian,Zimmermann,pzi1,10,11,467,29,"1,474",158,"2,242", @czimm_economist 
David,Blanchflower,pbl22,37,66,7033,31,"97,300","2,454","61,400", @d_blanchflower 
Dominika,Langenmayr,pla562,4,3,55,6,648,285,425, @d_langenmayr 
Bernardo,Furtado,pfu54,1,0,1,15,"3,806",390,407, @d_young_69 
Daniele,Tori,pto318,3,1,29,3,"1,609",713,299, @da8to 
Dagfinn,Rime,pri21,15,17,694,17,112,276,196, @dagfinnrime 
Dale,Rosenthal,pro359,2,0,9,9,617,6,814, @dale_rosenthal 
Mohamed,Marouani,pma684,6,3,113,18,"2,069",205,480, @dalimarouani 
Mohamed Ali,Trabelsi,ptr145,3,0,17,9,20,330,15, @daly1704 
M. Daniele,Paserman,ppa129,17,19,990,19,"1,593",502,982, @danielepaserman 
Daniel,Howdon,pho460,2,0,5,5,"6,615",358,"2,342", @danielhowdon 
Daniel,Mejia,pme228,7,6,152,17,"9,155",719,"20,500", @danielmejial 
Daniel,Reiss,pre288,1,0,2,8,231,79,118, @danielreiss 
Danila,Serra,pse222,7,6,351,15,104,537,498, @danilaserra_eco 
Dany,Bahar,pba1149,3,2,64,20,"5,035",890,"15,300", @dany_bahar 
Dennis,Dittrich,pdi16,4,3,81,14,"17,200",448,"8,445", @davdittrich 
David,Chivers,pch1198,1,0,2,4,2790,462,639, @dave_chivers 
David,Kaplan,pka253,8,8,292,16,"20,200",477,"4,655", @david_s_kaplan 
Davide,Consoli,pco102,8,7,200,14,8650,328,418, @davide_consoli 
Davide,Romelli,pro694,3,1,30,4,949,498,259, @davideromelli 
David,Bernstein,pbe1106,1,0,2,3,48,197,25, @davidhbernstein 
David,Khoudour-CastÃ©ras,pkh104,4,2,68,13,"2,729","3,006","3,801", @davidkhoudour 
David,Kohn,pko701,4,4,114,6,755,321,552, @davidkohn_16 
David,Rothschild,pro1033,3,0,13,5,"15,000",96,"18,800", @davmicrot 
David,Parsley,ppa30,15,18,1298,35,991,211,118, @dc_parsley 
David,Clingingsmith,pcl60,4,3,130,13,2537,288,422, @dclingi 
Daniele,de Rigo,pde791,2,0,9,16,425,47,39, @dderigo 
David,Giles,pgi8,11,14,646,42,"9,065",131,"2,345", @DEAGiles 
Dean,Fantazzini,pfa92,7,4,137,11,"2,860",279,733, @deanfantazzini 
Dean,Karlan,pka56,30,50,3253,14,"1,532",72,"14,800", @deankarlan 
Dean,Yang,pya75,19,28,1649,13,667,218,"2,420", @deanyang 
Dennis,Essers,pes101,3,0,23,8,"1,882",121,170, @dennisessers 
Dennis,Petrie,ppe206,5,1,66,11,566,339,291, @dennisjpetrie 
Dennis,Novy,pno75,12,14,613,12,"1,158",499,"1,132", @dennisnovy 
Daniel,Garcia,pga631,2,0,9,5,"2,272",689,144, @dgarciaecon 
Sowmya,Dhanaraj,pdh57,1,0,3,4,1,62,20, @dhanarajsowmya 
Danielle,Sandler,psa1240,2,1,16,4,"3,037",289,406, @dhsandler 
Diane,Coyle,pco861,6,5,106,33,34800,"1,010","17,800", @dianecoyle1859 
Dietmar,Fehr,pfe47,6,5,161,14,96,101,33, @dietmarfehr 
Thomas,Vollrath,pvo128,6,2,223,1,837,96,"1,510", @dietzvollrath 
Dina,Pomeranz,ppo414,4,4,198,5,"26,000","4,614","27,500", @dinapomeranz 
Carlo,D'Ippoliti,pdi115,5,2,54,10,"2,616",838,464, @dippoliti 
Dominique,Meurs,pme234,8,7,266,17,"3,209",241,407, @divisquin 
Dany,Jaimovich,pja101,4,4,212,15,"1,606",392,367, @djaimovi 
David-Jan,Jansen,pja40,13,15,936,15,464,89,106, @djansenresearch 
Dennis,Snower,psn9,24,46,1865,27,"2,572",342,"1,352", @djsnower 
Dimitris,Korobilis,pko254,13,14,906,10,1,1,21, @dkorobilis 
David,McKenzie,pmc29,33,72,4324,21,"2,534",268,"5,370", @dmckenzie001 
Jeffrey,Dorfman,pdo387,10,12,374,27,"22,600",433,"2,069", @dorfmanjeffrey 
Douglas,Webber,pwe305,6,4,89,9,"3,405",900,"1,952", @dougwebberecon 
Carlo,Drago,pdr32,3,0,22,13,"2,507","1,355",937, @drago_carlo 
Raffaella,Viti,pvi400,1,0,1,4,"2,242",68,97, @drchaiporn 
Chokri,Dridi,pdr8,4,1,46,13,292,158,80, @dridich 
Lisa,Cook,pco838,5,2,77,18,6996,939,"4,290", @drlisadcook 
Susanne,DrÃ¶ge,pdr34,4,1,38,13,701,204,421, @droege_s 
Alyssa,Schneebaum,psc389,4,1,47,4,169,336,243, @drsnowtree 
Drew,Moxon,pmo969,1,0,1,1,"7,110",783,"1,001", @dsmoxon 
Daniel,Solis,pso136,7,7,215,14,"3,691",332,"1,079", @dsolisagecon 
Dario,Tortarolo,pto327,1,0,2,4,"2,043",766,583, @dtortarolo 
David,Ubilava,pub8,4,2,69,11,385,148,183, @dubilava 
Pascaline,Dupas,pdu104,15,18,1306,18,50,10,"2,878", @dupaspascaline 
Robert,Dur,pdu1,14,18,793,20,"2,976",127,"2,356", @durrobert 
Nikos,Varsakelis,pva376,2,2,69,21,404,959,326, @dvaroutas 
Dirk Willem,te Velde,pte55,10,10,337,17,"3,930",499,"1,488", @dwtevelde 
Susan,Dynarski,pdy1,16,20,1169,21,"75,100","2,456","17,400", @dynarski 
Dawid,Zochowski,poc8,1,0,1,12,16,52,12, @dzochow 
Matthias,Raddant,pra520,4,1,43,9,13,25,33, @econ_mtr 
Sandra,Black,pbl92,25,35,3990,22,608,267,"3,061", @econ_sandy 
Catherine,Porter,ppo341,6,3,85,9,304,369,261, @econcath 
Sean,Dougherty,pdo17,8,6,161,16,817,515,677, @econecho 
JoÃ«l,Machado Carneiro,pma1335,4,1,51,7,401,540,256, @econjoelmachado 
Marius,Ooms,poo1,13,16,565,21,"2,896",618,924, @econlinks 
Shoshana,Grossbard,pgr93,8,7,320,41,"16,700","2,297","4,020", @econoflove 
Markus,Schneider,psc667,2,0,7,10,899,252,195, @econogonzo 
Peter,Bergeijk,pbe494,7,6,196,32,355,5,65, @economendagboek 
Christophe,Cahn,pca442,7,4,138,11,33,55,45, @economhipster 
Brandon,Sheridan,psh651,3,1,27,4,"1,029",243,301, @economics_bs 
John,Taylor,pta174,35,66,10548,46,"2,018",193,"12,900", @EconomicsOne 
Aurelio,Fernandez Bariviera,pfe210,4,0,46,11,"1,747",704,229, @econophysicslab 
Edmund,Phelps,pph34,20,32,2802,57,243,116,"1,846", @EdmundPhelps 
Laurent,Vidu,pvi4,1,0,2,4,"2,406",566,318, @edouardvidon 
Eduardo,Ortiz-Juarez,por80,4,4,182,8,"1,464",605,475, @eduardoortizj 
Steven,Glazerman,pgl62,7,7,236,27,"4,223",911,"2,310", @eduglaze 
Abiodun,Egbetokun,peg26,2,0,18,9,386,503,165, @egbetokun 
Erin,Fletcher,pfl142,1,0,6,7,"13,000",992,"1,040", @ekfletch 
Edward,Kosack,pko794,1,0,4,1,848,232,113, @ekosack 
Leandro,Elia,pel90,3,0,30,8,32,43,80, @elialeandro 
Elke,Holst,pho166,7,6,261,27,999,277,980, @elkeholst 
Eleonora,Fichera,pfi204,3,0,19,7,"2,634",421,456, @elliefichera 
Eduardo,Levy Yeyati,ple99,23,42,2438,22,"16,700",344,"32,400", @elyblog 
Emilio,Blanco,pbl158,2,0,10,10,"3,695",543,292, @emiliofblanco 
Emmanuel,Thibault,pth23,4,3,99,18,136,78,226, @emmathibault 
Enrique,Calfucura,pca119,4,2,54,16,6805,456,637, @enriquecalfucur 
Enrique,Covarrubias,pco309,1,0,3,10,1677,152,536, @enriquecovar 
Enrique,Gilles,pgi130,1,0,1,7,"1,015",381,270, @enriquegilles 
Elisenda,Paluzie,ppa29,7,6,202,18,"15,600","2,031","40,700", @epaluzie 
Esteban,Puentes,ppu67,4,1,60,13,937,501,595, @epuentese 
Mustafa,Y√ºcel,pyu25,6,4,117,16,"5,669",335,481, @erayyucel 
Erdal,Tekin,pte12,16,22,722,17,"1,919",72,691, @erdal_tekin_ 
Eric,Micheels,pmi679,1,0,8,13,"1,637",817,661, @ericmicheels 
Erik,Brynjolfsson,pbr87,17,23,3066,30,"12,700","1,171","166,000", @erikbryn 
Erik,SÃ¸rensen,psr18,13,14,687,16,678,492,275, @erikosorensen 
Sam,Jones,pjo324,9,9,411,10,"3,196",802,884, @esamjones 
Espen,Prydz,ppr317,3,2,53,2,"1,017",484,919, @espry 
Sascha,Becker,pbe98,25,33,2745,17,"3,602",480,"1,853", @essobecker 
Etienne,Lehmann,ple98,10,10,434,21,194,211,170, @etiennelehmanne 
Emilia,Tjernstrom,ptj7,1,1,22,10,"2,620",437,598, @etjernst 
Eugen,Dimant,pdi363,4,3,49,4,359,394,135, @eugen_dimant 
Eugenio,Proto,ppr82,8,5,225,18,"1,993",376,677, @eugenioproto 
Olaniyi,Evans,pev65,1,0,4,4,296,18,114, @evansclopedia 
Evgenia,Passari,ppa1083,1,1,34,1,27,99,100, @evgenia_passari 
Kevin,Grier,pgr46,14,21,1317,32,"4,614",493,"1,348", @ez_angus 
Francesco,Bartolucci,pba960,8,7,267,20,47,70,77, @f_bartolucci 
Felipe,Rezende,pre417,1,0,2,6,"1,071",218,"1,513", @f_derezende 
Fabien,Rondeau,pro269,1,0,4,11,106,83,67, @fabien_rondeau 
Fabio,Ghironi,pgh2,18,24,1511,23,"13,700",906,"2,591", @fabioghironi 
Fabio,Boncinelli,pbo967,1,0,2,3,261,753,178, @fabioso77 
Fabrice,Borel-Mathurin,pbo904,1,0,5,2,"150,000",391,"2,198", @fabrice_bm 
Levi,Russell,pru288,1,0,3,4,598,656,948, @farmerhayek 
Roger,Farmer,pfa3,24,44,2688,34,"5,300",344,"8,446", @farmerrf 
Fatih,Guvenen,pgu24,16,21,1300,18,"3,374",263,"1,796", @fatihguvenen 
Elizabeth,Villagomez,pvi39,1,1,113,10,"10,400","1,894","10,100", @favillagomez 
Francesco,Bogliacino,pbo401,8,7,253,10,"1,701",793,494, @fbogliacino 
Federico,Bonaglia,pbo68,7,6,258,12,"7,530","1,219","2,236", @fbonaglia 
Fiona,Burlig,pbu426,1,0,3,1,"2,392","1,776",895, @fburlig 
Felipe,Barrera-Osorio,pba426,9,9,353,24,"1,882",553,"2,821", @felbarrera 
Sandile,Hlatshwayo,phl19,3,1,25,4,"5,716","1,302","1,511", @femme_economics 
Laurent,Ferrara,pfe27,12,16,450,20,477,478,513, @ferraralaurent 
Florentino,Felgueroso,pfe150,9,9,300,20,"2,654",225,"2,139", @ffelgueroso 
FranÃ§ois,Geerolf,pge296,2,0,11,4,119,733,190, @fgeerolf 
Finn,Tarp,pta125,21,46,2565,37,"13,100","14,900","22,800", @finnsangle 
Christian,Fischer,pfi294,1,0,8,1,87,91,58, @fischr_ 
Rune,Fitjar,pfi154,5,3,123,8,"3,223","1,221",848, @fitjar 
Fernando,Diaz Lopez,pda433,1,0,6,1,"1,464",705,310, @fjdiazlopez 
Florence,Kondylis,pko416,6,5,150,12,453,654,476, @fkondylis 
Florian,Ederer,ped10,8,6,269,13,"2,492",618,"2,495", @florianederer 
Fumio,Ohtake,poh7,10,10,333,33,"8,435",217,"20,000", @fohtake 
Kelly,Foley,pfo151,2,1,24,7,"2,682",607,492, @foley_kelly 
Felix,Forster,pfo281,1,0,2,1,461,399,165, @forster_felix 
Franck,Portier,ppo12,14,20,1154,30,60,16,145, @fpjportier 
Fernando,Ramos-Palencia,pra435,2,0,13,18,"10,800",555,367, @framospalencia 
Francesco,Salustri,psa1373,2,0,11,3,"1,416",999,282, @francescosalust 
Frances,Woolley,pwo16,7,4,238,20,"4,239","1,064","3,238", @franceswoolley 
Francis,Diebold,pdi1,53,96,15272,31,482,20,"2,700", @francisdiebold 
Francois,Gourio,pgo158,10,10,587,15,"2,188","1,485","1,206", @francoisgourio 
Francesco,Pastore,ppa23,10,10,295,20,"1,530",436,386, @francpastore 
Frank,Jotzo,pjo49,11,15,444,16,"4,168",731,"2,715", @frankjotzo 
Francisca,Silva,psi358,2,2,44,11,"2,876",557,"1,252", @fransilvat 
Arthur,Charpentier,pch1623,5,4,105,12,45900,"11,400","21,800", @freakonometrics 
FrÃ©dÃ©ric,Marty,pma442,3,0,27,15,"1,572",378,693, @fred_marty 
Paul,Frijters,pfr18,20,37,4600,20,167,49,445, @frijterspaul 
Francesco,Saraceno,psa106,10,10,285,15,"7,294",698,"2,446", @fsaraceno 
Francesco,Sobbrio,pso242,7,5,128,9,272,90,103, @fsobbrio 
Gilles,Spielvogel,psp32,4,2,82,13,341,"1,259",443, @g_spielvogel 
Gabriella,Conti,pco273,10,11,344,12,2079,320,380, @gabri_elle76 
Gabriel,BurdÃ?n,pbu170,4,2,97,8,"5,346","1,849","1,575", @gabrielburdin 
GaÃ«tan,NicodÃ¨me,pni10,19,30,1220,20,685,"1,256",492, @gaetannicodeme 
Jaqueson,Galimberti,pga316,4,1,35,8,75,132,79, @galimberti_jk 
Bernhard,Ganglmair,pga159,2,1,22,7,740,676,257, @ganglmair 
Andres,Garcia-Suaza,pga253,4,2,75,11,180,494,224, @garciasuaza 
Garett,Jones,pjo80,8,7,258,12,"1,044",119,"9,136", @garettjones 
Garth,Heutel,phe315,12,13,436,12,"1,396",794,702, @garthheutel 
Gaston,Heimeriks,phe440,6,4,117,14,994,345,510, @gastonheimeriks 
Gustavo,Caballero Orozco,pca706,1,0,3,9,"6,044",716,200, @gcaballeroo 
Gaetan,de Rassenfosse,pde369,8,7,222,11,371,137,348, @gderasse 
Gerardo,Infante,pin66,2,1,14,4,"1,210",443,482, @ge_inf 
GermÃ ,Bel,pbe104,12,16,536,22,"23,400","2,769","70,800", @gebelque 
Gema,Zamarro,pza117,9,9,272,18,"1,928",413,507, @gema_zamarro 
Gemma,Tetlow,pte169,6,2,100,11,736,193,"2,453", @gemmatetlow 
Sven,MÃ?ller,pml29,2,1,24,9,"1,686",906,729, @geooptimization 
Georg,Zachmann,pza66,7,5,271,12,"2,637","1,014","1,726", @georgzachmann 
Geraint,Johnes,pjo17,14,21,683,32,"3,893",386,"1,076", @geraintjohnes 
Gerardo,Licandro,pli996,3,1,27,25,"5,032",207,"2,330", @gerardolicandro 
Gert,Peersman,ppe413,24,29,2592,18,"2,333",624,"8,721", @gertpeersman 
Guillaume,Gaulier,pga84,15,21,1125,20,"2,009",523,671, @ggaulier 
Guillaume,GruÃ¨re,pgr132,8,7,160,16,"2,014",227,296, @ggruere 
Gianmarco,Daniele,pda714,2,1,22,5,271,"1,246","1,492", @giammacco 
Giampiero,Gallo,pga48,14,20,749,29,"2,886",590,"1,255", @giampierogallo 
Gianni,Guastella,pgu344,4,0,35,7,205,424,114, @gianniguastella 
Giovanni,Bernardo,pbe875,1,0,8,2,"1,556",689,519, @giobernardo 
Giovanni,Pica,ppi36,10,10,427,16,451,736,390, @giovapica 
Gladys,Lopez Acevedo,plo382,8,5,188,19,775,39,180, @gladyslopezwb 
Clara,Gonzalez,pgo284,4,0,31,12,"4,515","1,228","1,519", @glezclarisa 
Gokhan,Ozertan,poz31,2,0,14,10,"2,958",939,"1,484", @gokhanozertan 
Joshua,Gottlieb,pgo188,8,8,729,11,"1,925",609,"1,361", @gottliebecon 
Gabriel,Mihalache,pmi497,2,0,10,3,1,8,0, @gp_mihalache 
Raffaele,Grimaldi,pgr339,1,0,7,6,362,341,221, @graffagraffa 
Gray,Calhoun,pca491,2,1,16,4,2,140,151, @grayclhn 
N. Gregory,Mankiw,pma131,57,79,16159,37,971,1,"14,700", @gregmankiwblog 
Gregory,Givens,pgi104,3,1,51,11,897,61,170, @gregorygivens 
Giorgio,Motta,pmo372,5,2,55,3,"6,016","1,218",324, @grg_motta 
Constantin,Gurdgiev,pgu359,3,2,135,13,"176,000",841,"34,400", @gtcost 
Gundi,Knies,pkn24,4,2,76,12,"1,070",441,442, @gundiknies 
Guo,Xu,pxu79,2,0,14,5,57,770,"1,423", @guoxu_econ 
Paolo,Verme,pve105,8,7,235,23,"2,227",370,937, @gvermandel 
Metodij,Hadzi-Vaskov,pha531,2,1,26,11,2,2,36, @hadzivaskov 
Martin,Halla,pha188,10,10,329,14,782,481,287, @hallamartin 
Hannes,Wagner,pwa105,6,5,138,13,278,49,179, @hanneswagner 
Hans-Werner,Sinn,psi146,33,79,3801,43,236,6,"10,500", @hanswernersinn 
Zubair,Hasan,pha42,5,1,91,35,4,2,18, @hasan_zubair 
Jonathan,Haskel,pha161,25,52,2499,29,"1,780",666,"3,224", @haskelecon 
Justus,Haucap,pha87,13,19,663,23,"8,600","1,855","3,380", @haucap 
Hilde,BjÃ¸rnland,pbj2,14,19,607,22,"1,121",251,"1,724", @hcbjornland 
James,Heckman,phe22,87,209,34823,46,"1,622","2,043","15,400", @heckmanequation 
Heiwai,Tang,pta306,8,8,212,7,"1,443",467,"1,252", @heiwai_tang 
Helene,Rey,pre8,25,33,3416,21,455,392,"1,093", @helene_rey 
Helen,Miller,pmi761,6,5,134,7,"1,072",407,"1,134", @helenmiller_ifs 
Henrik,Jordahl,pjo15,11,11,502,18,"1,922","1,111","1,376", @henrikjordahl 
Artur,Tarassow,pta322,2,1,45,10,"5,014",355,88, @herr_t_punkt 
Henrik,Jensen,pje99,14,19,913,25,530,55,306, @hjecon 
Harald,Oberhofer,pob22,6,3,129,16,"5,713",296,589, @ho2604 
Mark,Holmes,pho188,13,21,678,30,11,241,81, @holmes_markj 
Horatiu,Rus,pru116,2,0,11,12,"3,853",668,341, @horatiurus 
Harry,Patrinos,ppa91,13,17,1319,26,"8,930","2,982","4,383", @hpatrinos 
Helmut,Reisen,pre79,13,15,586,39,"8,597",393,"1,360", @hrreisen 
Holger,Stichnoth,pst308,8,6,157,16,104,319,100, @hstichnoth 
Hugo,ÌÔopo,pno16,10,11,302,15,"15,100",800,"6,826", @hugonopo 
Brad,Humphreys,phu36,14,19,608,20,"4,278",920,"1,022", @humphreys_brad 
Tarun,Jain,pja191,5,1,76,8,430,274,632, @hyderabadi_chai 
Hyun Song,Shin,psh692,41,108,6842,28,768,386,"16,200", @hyunsongshin 
Stefano,Iacus,pia3,6,5,372,20,"2,215",440,"1,197", @iacus 
Max,Nathan,pna331,8,7,169,10,"4,233",794,"1,871", @iammaxnathan 
Ian,Preston,ppr2,20,30,1911,28,"2,694",525,"1,291", @ianppreston 
Ingo,BÃ¶bel,pbo42,2,0,17,36,"1,946",183,244, @ibobel 
Ibrahim,Turhan,ptu113,6,1,83,9,"2,765",102,"3,392", @ibrahimmturhan2 
Iikka,Korhonen,pko199,12,14,689,19,"26,200",852,"2,046", @iikkakorhonen 
Ilaria,Maselli,pma1836,4,1,48,5,"2,394",813,984, @ilariainbxl 
Ilhan,Ozturk,poz20,24,44,2357,17,26,25,83, @ilhanozturk 
Ethan,Ilzetzki,pil21,8,7,858,10,"1,743",92,350, @ilzetzki 
Imran,Rasul,pra365,25,32,2435,15,938,336,"2,598", @imranrasul3 
Ingrid Harvold,Kvangraven,pkv10,1,0,3,2,"4,789",845,"4,460", @ingridharvold 
Iliana,Olivie Aldasoro,pol200,1,1,11,15,"2,197",268,"1,421", @iolivie 
Isabel,Schnabel,psc48,12,15,567,19,"2,337",196,"2,173", @isabel_schnabel 
Isabelle,Mejean,pmj1,11,12,374,14,90,127,185, @isabellemejean 
Ibrahim,Sirkeci,psi43,5,1,74,13,"2,563",932,"1,359", @isirkeci 
Italo,Gutierrez,pgu568,1,0,6,2,294,429,279, @italoguti 
Fabrice,Valognes,pva571,5,3,63,6,188,607,283, @ivalodia 
Ivan,Etzo,pet10,4,3,106,9,1,1,13, @ivan_etzo 
Isabel,MartÃ?nez,pma1777,2,0,7,4,234,240,210, @izmartinez86 
Julien,Pouget,pju32,7,5,255,10,729,411,438, @j_pouget 
Javier,GÃ?mez Prieto,pgm30,1,0,2,1,"3,783","2,575","1,479", @jagopri 
James,Bessen,pbe44,13,13,752,21,"2,850",584,"2,452", @jamesbessen 
James,Campbell,pca1243,1,1,18,3,4089,"1,302",457, @jamesdcamp 
James,Feigenbaum,pfe480,2,0,4,5,"3,168",542,"1,407", @jamesfeigenbaum 
James,Wabenga Yango,pwa745,2,0,6,14,6,128,14, @jameswabenga 
Jan,Kunnas,pku374,4,1,39,4,"8,282","2,283","1,241", @jankunnas 
Jan,Sauermann,psa356,6,5,103,12,131,190,269, @jansauermann 
JuliÃ¡n,Parra-PolanÃ?a,ppa741,4,1,47,14,730,466,618, @japuneco79 
Jared,Rubin,pru106,8,8,181,9,"1,702",426,"2,380", @jaredcrubin 
Jarle,MÃ¸en,pmo44,10,10,552,20,456,918,999, @jarlenhh 
Ron,Jarmin,pja54,21,28,2077,26,"1,561",310,646, @jarmin_ron 
Jason,Collins,pco563,2,1,17,5,2981,666,"2,520", @jasonacollins 
Jason,Barr,pba130,5,2,106,17,266,293,96, @jasonbarrru 
Jayson,Lusk,plu63,24,56,2314,19,"7,323",995,"4,605", @jaysonlusk 
Joshua,Miller,pmi476,5,0,38,3,986,252,416, @jben0 
Jason,Briggeman,pbr521,1,1,11,2,"7,988",388,534, @jbriggeman 
John,Bradbury,pbr707,3,3,112,16,"12,000",311,"3,325", @jc_bradbury 
J√©zabel,Couppey-Soubeyran,pco637,4,2,59,20,2864,483,"2,701", @jcs_mbf 
Joze,Damijan,pda74,12,15,737,16,"4,911",73,"2,661", @jdamijan 
Jim,Dolmas,pdo250,6,6,244,22,13,148,16, @jdolmas 
Jonathan,Portes,ppo583,7,5,202,19,"56,500",640,"45,000", @jdportes 
Jean,Tirole,pti33,75,161,24284,38,10,0,"11,000", @JeanTirole 
John,Bistline,pbi297,3,0,21,7,386,335,184, @jebistline 
Jeemol,Unni,pun33,3,1,79,24,880,355,480, @jeemolunni 
Jeffrey,Lin,pli592,4,4,260,11,498,192,223, @jeffrlin 
Jennifer,Doleac,pdo241,3,1,67,6,"10,100","1,679","6,309", @jenniferdoleac 
Jenny,Schuetz,psc685,4,2,102,10,442,197,648, @jenny_schuetz 
Jens,Klose,pkl80,8,7,123,9,23,61,34, @jens__klose 
Jennifer,Winter,pwi267,3,0,13,6,"3,588","1,356","1,615", @jenwinter_yyc 
Jessica,Hoel,pho556,2,1,18,2,"1,463",485,"1,627", @jess_hoel 
Jonathan,Schulz,psc586,3,2,60,5,235,448,577, @jf_schulz 
Jon,Fiva,pfi35,10,10,215,14,"1,995",365,624, @jfiva 
Jean-Guillaume,Sahuc,psa109,10,10,351,17,147,81,182, @jgsahuc 
James,Cust,pcu53,6,5,101,11,1435,"4,995","4,066", @jimcust 
JosÃ© Luis,Ferreira,pfe137,4,2,56,24,"19,400",436,"3,848", @jl_ferr 
Joshua,Rosenbloom,pro664,7,5,240,28,390,116,129, @jlrosenbloom 
Julien,Malizard,pma1622,3,0,19,9,85,668,276, @jmalizard 
Mark,Leonard,ple783,1,0,3,15,"3,380",502,491, @jmarkleonard 
John,Spraggon,psp74,8,8,343,19,54,524,10, @jmspragg 
JoaquÃ?n,Saldain,psa1416,1,0,3,1,"11,100",833,574, @joaco_saldain 
P. Joakim,Westerholm,pwe381,3,0,19,10,995,805,863, @joakimw 
Joan,Costa-i-Font,pco20,15,21,587,18,2637,272,680, @joancostaifont 
Johanna,Fajardo-Gonzalez,pfa258,2,1,27,6,311,571,323, @johannafg 
Johannes,Emmerling,pem32,4,2,40,5,9,135,56, @johannesemm 
Johannes,Boehm,pbo840,1,1,12,3,114,122,178, @johannesmboehm 
John,Barrdear,pba1222,3,3,59,3,"1,249",371,204, @johnbarrdear 
John,Horton,pho433,5,1,201,7,"2,836",720,"2,488", @johnjhorton 
Peran,van Reeven,pva393,4,2,55,18,"14,800","1,853","17,000", @johnvanreenen 
John,Budd,pbu1,8,7,319,27,"1,557",167,562, @johnwbudd 
John,Whitehead,pwh15,19,31,1087,25,"6,652",385,887, @johnwhitehead81 
Jo,Michell,pmi660,2,2,34,5,"29,700",918,"4,166", @jomicheii 
Jose,Roche,pro572,5,3,166,7,"5,882","2,117","1,782", @jomroche 
Jonas,Dovern,pdo155,11,11,445,12,576,75,147, @jonasdovern 
Vasileios,Vlachos,pvl20,1,0,2,17,"23,300",730,"5,203", @jonasvlachos 
Jonathan,de Quidt,pde730,3,2,44,5,"3,081",339,518, @jondequidt 
Jonathan,Smith,psm127,4,2,104,6,269,142,213, @jonisaacsmith 
Jorge,Restrepo,pre46,3,1,46,14,"87,100",469,"18,000", @jorgearestrepo 
Jorge,Garza-Rodriguez,pga587,2,0,14,16,"1,228",178,58, @jorgegarzardz 
Jorge,Uribe,pur43,2,0,14,2,"2,665",27,240, @jorgemariouribe 
Jorge,PÃ©rez PÃ©rez,ppe453,1,0,1,6,"2,454",608,352, @jorpppp 
Joseph,Stiglitz,pst33,72,217,26319,51,673,93,"219,000", @JosephEStiglitz 
Joseph,Staudt,pst827,1,0,3,1,19,231,27, @josephstaudt 
Joshua,Gans,pga42,21,33,1806,29,"22,800",379,"6,180", @joshgans 
Joshua,Berning,pbe588,4,3,48,11,"2,039",496,298, @joshuaberning 
Joshua,Greenstein,pgr606,2,1,29,5,498,355,138, @joshuapell1 
Joshua,Goodman,pgo281,8,6,235,22,"5,596",292,"3,691", @joshuasgoodman 
John,Tang,pta205,3,0,23,11,702,118,298, @jp_tang 
Juan,Robalino,pro542,9,8,213,10,355,414,157, @jrobalinoecon 
Jens,Suedekum,psu123,18,23,894,17,"2,161",303,"1,485", @jsuedekum 
Juan,de Lucio,pde610,6,4,149,21,"3,650",367,627, @juan_de_lucio 
Juan Rafael,Vargas,pva774,1,1,11,2,"2,368",991,"1,573", @juanf_vargas 
Edgar,Villa,pvi213,4,1,44,8,"5,688",463,"1,167", @juanmvilla 
Julia,Gruebler,pgr588,3,0,11,3,99,167,92, @juliagruebler 
Julian,Hinz,phi178,1,0,1,1,463,790,328, @julianhinz 
Julien,Idier,pid4,5,3,134,10,85,172,199, @julien_idier 
Julien,Pinter,ppi414,1,0,1,1,"1,210",373,489, @julienp_bsi 
Justin,Sandefur,psa778,9,7,218,11,"14,500","1,701","12,000", @justinsandefur 
Justin,Wolfers,pwo9,24,32,3855,18,"27,200",882,"144,000", @justinwolfers 
Justus,Wesseler,pwe17,8,7,197,18,34,9,53, @justuswesseler 
Cristina,Vespro,pve292,4,2,103,1,6,717,74, @jvespignani 
Yannick,Kalantzis,pka185,5,2,85,11,261,80,139, @kalantzis 
Kenan,Kalayci,pka340,3,2,61,6,"4,887",817,"1,235", @kalayci_kenan 
Kalle,Hirvonen,phi154,6,2,58,5,692,988,495, @kallehi 
Kamal,Lamichhane,pla799,2,0,7,8,"1,376",208,"12,600", @kamallamichhan 
Kamiar,Mohaddes,pmo519,11,12,352,17,293,420,274, @kamiarmohaddes 
Karina,Doorley,pdo214,5,1,59,9,64,103,90, @karinadoorley 
Kasey,Buckles,pbu157,7,5,271,10,303,127,990, @kasey_buckles 
Daniel,Kaufmann,pka480,4,1,39,9,322,219,159, @kaufmanndani 
Kaushik,Basu,pba464,23,46,2497,35,"5,420",632,"102,000", @kaushikcbasu 
Kristy,Buzard,pbu379,4,0,32,9,167,50,103, @kbuzard7 
Melissa,Kearney,pke151,13,15,1404,11,"1,180",291,"4,304", @kearney_melissa 
Keisuke,Hirano,phi11,7,7,717,19,525,485,341, @keisukehirano 
Kelbesa,Megersa,pme555,2,0,6,4,578,902,187, @kelbesamegersa 
Ken,Clark,pcl23,12,14,640,23,1446,314,348, @kenclarkecon 
Keshab,Bhattarai,pbh51,5,1,67,20,194,137,34, @keshabrbhattar1 
Kevin,Denny,pde229,10,11,335,27,"1,919",744,"1,204", @kevindenny 
Kevin,O'Rourke,por7,22,40,2154,29,"3,759",592,"5,322", @kevinhorourke 
Kevin,Milligan,pmi14,18,29,1650,18,"4,194",167,"9,066", @kevinmilligan 
Klaus,Zimmermann,pzi13,29,91,3554,38,692,140,551, @kfzimmermann 
Khalid,Siddig,psi364,3,1,46,8,14,92,38, @khalidhasiddig 
Gary,King,pki187,14,16,1092,32,"4,368","10,100","26,800", @kinggary 
Stijn,Kelchtermans,pke174,5,3,66,12,369,"1,506",527, @kingofthebongo 
Konstantin,Wacker,pwa432,4,0,37,7,767,384,333, @km_wacker 
Kelly,Jones,pjo285,3,2,42,4,84,183,180, @kmpjones 
MiklÃ?s,Koren,pko6,10,10,624,13,948,"1,383",557, @korenmiklos 
Kenneth,Rogoff,pro164,63,109,28586,38,459,178,"11,400", @krogoff 
Lance,Bachmeier,pba1435,7,7,368,11,"2,976",510,556, @lancebachmeier 
Lasse,Becker,pbe966,1,0,6,1,"15,500","1,526","4,530", @lassebecker 
LÃ¡szlÃ?,KÃ?czy,pko27,6,4,108,19,549,108,110, @laszlokoczy 
Laurens,Swinkels,psw2,6,4,94,16,"4,528","1,152","1,150", @laurensswinkels 
Laurent,Franckx,pfr11,3,1,46,14,"11,600",475,554, @laurentfranckx 
Luis,Pereira,ppe189,3,0,17,11,320,"1,305",189, @lbritespereira 
Laura,Coroneo,pco461,4,2,73,11,87,63,297, @lcoroneo 
Leandro,Prados de la Escosura,ppr58,8,7,351,35,126,82,424, @ldelaescosura 
Laurent,Denant-BoÃ¨mont,pde364,6,4,295,23,"3,389",305,230, @ldenant 
Leah,Boustan,pbo332,11,12,459,12,"6,005",756,"7,026", @leah_boustan 
RÃ©mi,Le Gall,ple892,1,0,4,2,116,141,39, @legall_remi 
Fernando,Leibovici,ple692,5,5,105,7,110,570,165, @leibovicif 
Lekha,Chakraborty,pch589,4,0,41,12,13300,932,684, @lekhachakrborty 
Leopoldo,Fergusson,pfe176,7,7,174,14,"2,637",550,"4,652", @leopoldotweets 
Lars,Svensson,psv2,48,104,9664,41,717,209,"4,802", @leosven 
Lawrence,Summers,psu137,58,108,14453,40,"3,743",560,"112,000", @LHSummers 
Liam,Wagner,pwa278,6,4,134,10,"9,742","4,279","2,189", @liam_wagner 
Liam,Delaney,pde287,10,12,264,13,"26,900","3,290","4,839", @liamdelaneyecon 
Finn,KÃ¶rner,pkr145,1,0,7,4,10,10,18, @liberalkorner 
Linda,Yueh,pyu233,8,8,187,17,"44,900","2,280","71,400", @lindayueh 
Lindsay,Tedds,pte38,5,3,81,18,"7,861",875,"3,883", @lindsaytedds 
Leonardo,Monasterio,pmo360,4,0,30,13,"17,500",917,"3,978", @lmonasterio 
Lars Peter,Ì÷sterdal,pst511,10,11,302,15,165,97,213, @lposterdal 
Louis-Philippe,Rochon,pro341,7,2,188,20,"3,542",80,"1,126", @lprochon 
Luca,Pensieroso,ppe161,4,1,30,12,74,86,52, @lucalln 
Lucia,Mangiavacchi,pma1105,3,3,56,9,55,77,50, @lucia_mangiavac 
Luciano,Lavecchia,pla547,2,0,9,7,60,"2,029","1,182", @lucianolavecchi 
Luis,Garicano,pga77,18,23,1619,18,"10,800",210,"60,400", @lugaricano 
Denis,V√Æntu,pvn1,1,0,4,2,842,"1,538",608, @luiginomics 
Luis,Fierro,pfi312,1,0,1,11,"26,800","4,932","1,580", @luis_fierro_eco 
Luis,Reyes,pre302,1,0,8,7,"1,914",286,437, @luiscrh 
Luis,Rojas,pro316,5,1,42,7,61,89,38, @luiserojasd 
Luis-Fernando,MejÃ?a,pme106,4,3,535,9,"2,410",566,"6,001", @luisfermejia 
Lyman,Stone,pst831,1,0,1,1,"59,700","1,131","5,799", @lymanstoneky 
Mercedez,Callenes,pca676,2,1,31,2,22,88,32, @m_callenes 
Michael,Clemens,pcl20,17,27,1491,18,34300,"3,824","33,600", @m_clem 
Matthew,Mitchell,pmi30,10,10,310,19,"2,142",304,355, @m_ttm_ 
Martin,Berka,pbe194,7,7,153,13,221,212,65, @mabe74 
David,Macpherson,pma214,13,17,704,29,22,61,38, @macpherson_da 
Nicholas,Rowe,pro12,4,0,34,36,"7,295",147,"2,120", @macrowenick 
Mafini,Dosso,pdo402,2,1,31,6,183,154,271, @mafinidosso 
Martin,Kocher,pko29,25,37,1945,17,664,550,946, @magratheantimes 
Md Mahbubul,Hakim,pha759,1,0,3,7,19,31,8, @mahbub_hakim 
Marc,Hofstetter,pho141,5,3,87,21,"2,370",109,"4,554", @mahofste 
Maksym,Polyakov,ppo264,3,1,30,12,687,152,107, @maksympolyakov 
Manuel,Gonzalez-Astudillo,pgo189,2,0,11,13,"27,100",965,"3,833", @manugonzalez76 
Manuel,Hidalgo,phi57,2,1,22,8,"84,000","1,071","5,928", @manuj_hidalgo 
Marc,Duhamel,pdu178,1,1,14,9,"4,936",740,447, @marc_duhamel 
Marcelo,Medeiros,pme108,6,6,173,16,988,813,"2,181", @marcelo_meds 
Marcel,Smolka,psm129,4,2,91,8,83,103,53, @marcelsmolka 
Marc,Bellemare,pbe260,10,13,513,14,"15,400","2,359","4,840", @marcfbellemare 
Marco,Lombardi,plo54,11,13,546,16,34,137,109, @marco_jacopo 
Marco,Veronese Passarella,ppa651,8,7,235,8,130,193,292, @marco_v_p 
Marco,Marini,pma163,4,1,59,23,13,66,78, @marcomariniuni 
Marco,Sanfilippo,psa712,7,6,190,9,251,318,167, @marcosanfilip 
Marc,Pourroy,ppo417,2,0,8,5,187,360,253, @marcpourroy 
Marc-Olivier,Strauss-Kahn,pst576,3,1,62,19,"1,656",161,634, @marcstrausskahn 
Marina,Della Giusta,pde403,7,4,121,19,739,468,290, @mardelgiu 
Marek,Giebel,pgi231,1,0,2,3,"1,696",985,297, @marekgiebel 
Margaret,Walls,pwa428,11,11,571,22,"1,877",280,406, @margaretwalls1 
Maria,Demertzis,pde274,13,16,489,23,"1,696",160,472, @mariademertzis 
Mariana,Zerpa,pze64,1,0,7,4,318,333,340, @marianazerpa 
Maria,Persson,ppe395,8,7,183,10,233,636,245, @mariaperssonlu 
Mario,Holzner,pho228,6,4,167,16,"3,217","3,384","2,033", @marioholzner 
Mariarosaria,Comunale,pco777,3,1,38,4,11900,"2,533",611, @mariosa_com 
Marios,Zachariadis,pza12,8,8,428,19,"2,612",14,"1,431", @marioszachariad 
Mari,Rege,pre427,13,16,718,18,334,280,797, @marisrege 
Mariya,Neycheva,pne67,2,0,17,12,12,44,60, @mariyaneycheva 
Mark,Harrison,pha297,5,1,90,43,"3,354",159,"1,182", @mark4harrison 
Mark,Koyama,pko293,6,2,85,10,"6,109",530,"4,958", @markkoyama 
Markku,Lanne,pla260,18,25,1041,22,576,55,91, @markkulanne 
Mark,Thoma,pth228,7,4,221,27,"59,700",433,"44,600", @markthoma 
Markus,Brunnermeier,pbr31,22,28,4523,20,973,507,"7,214", @markuseconomist 
Marlon,Boarnet,pbo568,10,12,468,21,"3,619",483,"1,236", @marlon_boarnet 
Marta,Lachowska,pla637,3,0,26,9,168,50,91, @martalachowska 
Martha,Olney,pol213,3,1,62,34,"3,052",31,"2,201", @marthaolney 
Inmaculada,MartÃ?nez-Zarzoso,pma470,14,17,777,20,23,32,36, @martinei1 
Martin,Gonzalez-Rozada,pgo321,8,6,231,20,"4,125",299,"2,436", @martingrozada 
Martino,Pelli,ppe632,1,1,22,4,352,292,114, @martinopelli 
Martin,Ravallion,pra29,54,160,10313,38,"1,034",246,"6,606", @MartinRavallion 
Martin,Gaynor,pga1,20,26,1208,33,"18,300",675,"4,829", @martinsgaynor 
Martin,Uebele,pue7,5,1,52,11,67,61,57, @martinuebele 
Massimo,Canali,pca651,1,0,2,1,28,29,16, @massimocanali3 
Mathieu,Perona,ppe402,1,0,3,4,"9,558",280,649, @mathieuperona 
Matthieu,Bussiere,pbu118,21,31,1399,19,569,196,271, @matt_bussiere 
Matt,Dickson,pdi176,7,7,157,12,"3,666",793,355, @mattdickson__ 
Matthew,Webb,pwe297,3,2,71,4,112,149,122, @mattdwebb 
Matteo,Galizzi,pga211,6,4,157,13,"3,369",716,941, @matteo_galizzi 
Matteo,Pelagatti,ppe139,6,4,124,13,16,78,49, @matteopela 
Matthias,Krapf,pkr131,5,2,57,8,47,45,49, @matthiaskrapf 
Matthew,Kahn,pka41,30,63,3415,27,"6,242",547,"2,150", @mattkahn1966 
Maurizio,Fiaschetti,pfi227,1,0,4,5,352,143,39, @maufiaschetti 
Antonio,Villanacci,pvi135,7,6,249,23,182,29,198, @mauriciovillam 
Faik,Bilgili,pbi181,6,4,120,25,"6,111",252,654, @maviwest 
Max,Roser,pro1089,2,0,12,6,"5,162",638,"124,000", @maxcroser 
Maxime,Desmarais-Tremblay,pde1050,2,0,7,6,296,154,214, @maxime_dt 
Maximo,Rossi,pro22,7,6,273,29,"2,708",308,555, @maximrossi 
Maximilian,Kasy,pka876,5,2,60,13,"1,003",229,"1,565", @maxkasy 
Maxwell,Ekor,pek36,1,0,1,3,182,"1,193",197, @maxwellekor 
Monica,Billio,pbi55,15,19,940,20,395,206,361, @mbillio 
Mark,McGovern,pmc202,3,0,36,9,226,179,214, @mcgovern_me 
Maria-Carmen,Guisan,pgu2,6,2,165,23,7,19,6, @mcguisan 
Mireille,Chiroleu-Assouline,pch456,5,4,111,28,196,126,215, @mchiroleua 
Matthias,Doepke,pdo8,15,21,2035,17,25,64,171, @mdoepke 
A.,Over,pov11,6,3,109,41,410,121,749, @meadover 
Markus,Eberhardt,peb16,11,11,535,9,"9,047",622,"2,312", @medevecon 
Melanie Meng,Xue,pxu96,1,0,1,3,303,193,336, @melanie_xue 
Marcela,MelÃ©ndez,pme414,6,1,108,13,"4,970",666,"4,049", @melendezmarcela 
Marco,Guidi,pgu293,1,0,9,23,123,274,264, @melguidi 
Miguel,Faria-e-Castro,pfa225,4,1,41,6,29,102,68, @mfariacastro 
Martin,Filko,pfi116,1,0,7,8,714,40,364, @mfilko 
Marcel,Fratzscher,pfr34,36,70,4350,19,"3,516",424,"10,800", @mfratzscher 
Martin,Rapetti,pra581,8,8,213,12,"4,591","1,018","6,519", @mgrapetti 
Michal,Horvath,pho183,2,0,16,10,"3,745",606,464, @mh0rvath 
Marcos,Herrera,phe373,3,0,23,13,197,264,142, @mherreragomez 
Mia,Mikic,pmi105,3,1,24,16,"4,817",323,472, @miamikic 
Michael,Kiley,pki4,20,28,1346,22,38,1,34, @michaelkiley5 
Michael,Strain,pst593,3,2,68,11,"1,060",187,"5,249", @michaelrstrain 
Michele,Boldrin,pbo31,24,37,2862,30,"13,700",577,"31,700", @micheleboldrin 
Michele,Tuccio,ptu161,3,0,31,4,949,"1,114",701, @micheletuccio 
Miguel,Malo,pma242,7,4,175,17,"1,798",307,304, @miguel_a_malo 
Miguel,Santos,psa1518,1,0,3,4,"21,300","2,035","49,700", @miguelsantos12 
Mihaela,Constantinescu,pco730,1,0,2,8,1936,549,152, @mihneaconst 
Michael,Pesko,ppe676,3,0,18,3,69,36,154, @mikepesko 
Carlo,Reggiani,pre205,4,3,54,11,"3,885",412,202, @mikybartoli 
Milena,Nikolova,pni401,5,3,58,4,791,"1,174",464, @milenkanik 
Miles,Corak,pco98,15,20,940,28,456,103,"4,964", @milescorak 
Miles,Kimball,pki97,26,29,4813,30,"37,800",885,"15,900", @mileskimball 
Ioana,Marinescu,pma336,10,10,315,14,"2,078",570,"4,914", @mioana 
Mircea,Epure,pep12,4,1,32,9,"2,589",341,398, @mircea_epure 
Miriam,Rehm,pre416,5,2,67,8,130,267,294, @miriamrehm 
Dorian,Verboux,pve264,1,0,2,25,"2,146",72,148, @miroslavverbic 
Mizanur,Rahman,pra122,1,0,4,9,"8,268",467,"1,284", @mizanur2253 
Marcos,Dal Bianco,pda191,2,1,29,7,63,470,63, @mjdalbianco 
Matthias,Klaes,pkl20,6,3,80,17,"2,967",70,324, @mkl4es 
Mario,Macis,pma869,10,10,312,9,"2,868",575,891, @mmacis 
Marco,Novarese,pno2,3,0,31,15,19,33,55, @mmarconov 
Mauricio,Moreira,pmo138,6,6,211,18,"1,012",175,435, @mmesquitam 
Marcin,Piatkowski,ppi215,5,1,88,12,"15,600",524,"2,945", @mmpiatkowski 
Erik,Nelson,pne266,4,2,53,12,137,182,69, @mnriles01 
JÃ¸rgen,Modalsli,pmo642,3,0,19,7,179,390,160, @modalsli 
Adam,Ozimek,poz92,2,1,30,1,"66,200",332,"34,100", @modeledbehavior 
Mogens,Fosgerau,pfo10,14,29,762,18,97,87,132, @mogens_fosgerau 
Monica,Martinez-Bravo,pma1375,4,4,69,6,303,373,"1,041", @monicambravo 
Eric,Monnet,pmo745,4,1,40,10,122,140,139, @monneteric 
Jorge,Morales Meoqui,pmo601,1,0,1,7,"2,239",655,116, @moralesmeoqui 
Charles,Moss,pmo212,8,8,277,30,165,23,5, @moss_charles 
Marco,Pelliccia,ppe594,1,0,1,4,"1,184",145,48, @mpelli3 
Michael,Mainelli,pma2164,1,0,4,8,"2,748",177,"3,500", @mrmainelli 
Matthieu,Solignac,pso377,2,0,6,7,"1,579","1,007",436, @msolignac 
MÃ?bariz,Hasanov,pha570,7,4,132,10,488,186,173, @mubariz_hasanov 
Nathalie,de Marcellis-Warin,pde88,2,1,20,13,"8,424","3,968","1,565", @n_demarcellis 
Nacer-Eddine,Hammouda,pha712,2,0,12,12,28,40,18, @nacereddinehamm 
Muhammad,Hanif,pha397,7,4,123,15,90,76,58, @nadimhanif 
Nauro,Campos,pca133,17,34,1080,19,6233,211,548, @naurocampos 
Neda,Trifkovic,ptr257,2,1,24,5,176,447,243, @nedat 
Neil,Lancastle,pla812,1,0,1,2,608,641,697, @neillancastle 
Nelson,Barbosa-Filho,pba98,7,5,228,24,"1,092",274,"4,053", @nelsonhbarbosa 
Nicholas,Rada,pra456,5,1,66,7,"1,207",251,275, @nicholas_rada 
Mark,van Zijll de Jong,pva745,2,0,9,6,178,26,101, @nicvanzee 
Niels,van de Ven,pva222,3,0,15,7,"8,901",397,442, @nicvdsijpe 
Lise,Vesterlund,pve25,18,26,2872,9,278,147,160, @nielsvester 
Volker,Nitsch,pni58,13,17,777,22,318,190,378, @nitschv 
Nathan,Nunn,pnu17,18,22,2600,14,"5,135","1,019","3,923", @nnunn99 
Noel,Muller,pmu564,1,0,1,2,114,455,105, @noelmllr 
NoemÃ?,Navarro,pna169,6,2,110,16,"2,422",250,84, @noenavarro 
Damon,Jones,pjo350,5,5,126,8,"9,186","1,252","10,700", @nomadj1s 
Niclas,Berggren,pbe3,13,17,659,22,"23,800",800,"1,506", @nonicoc 
Nonso,Obikili,pob47,3,0,12,4,"27,900","1,035","5,128", @nonso2 
Nathan,Hendricks,phe387,5,4,88,7,876,464,540, @nphendricks 
Nuno Filipe,Boavida,pbo324,1,0,6,8,578,237,194, @nunoboavida 
Nuno,Palma,ppa251,2,0,7,12,367,290,711, @nunopgpalma 
Geoffrey,Clarke,pcl113,1,0,3,1,882,"1,477",359, @nycgeoff 
David,Backus,pba242,28,39,4595,39,249,10,244, @NYUSternEcon 
Oskar,Kowalewski,pko104,8,7,167,13,34,65,36, @o_kowalewski 
Olvar,Bergland,pbe926,6,4,139,25,"3,945",357,671, @obergland 
Olivier,Bouba-Olga,pbo465,4,1,52,11,"3,405",478,"3,627", @obouba 
Olivier,Blanchard,pbl2,63,124,21171,41,128,193,"19,300", @ojblanchard1 
Olivier,Walther,pwa320,5,0,37,8,764,436,511, @ojwalther 
Oleg,Krasnopjorov,pkr201,1,1,12,8,"1,323",404,557, @okrasnopjorov 
Olena,Havrylchyk,pha384,9,9,301,13,766,849,541, @olenahavrylchyk 
Ole,Rogeberg,pro413,4,3,106,17,"1,736",157,448, @olerogeberg 
Olga,Solleder,pso360,1,1,11,1,"1,100","4,881","1,918", @olgasolleder 
Oliver,Kirui,pki454,3,1,56,6,439,779,364, @oliverkirui 
Olivier,Bos,pbo457,2,1,15,9,484,150,225, @olivierbos 
Olena,Nizalova,pni153,3,2,72,13,"7,135","1,093",679, @olniz 
Orhan,Erdem,per106,3,2,29,10,"6,915",932,"1,589", @orhan_erdem 
Orhan,Torul,pto175,2,0,16,9,"2,669",363,885, @orhantorul 
Olivia,Mitchell,pmi73,28,66,3632,37,"5,593",449,"2,746", @os_mitchell 
Oswaldo,Molina,pmo979,2,0,12,15,995,659,"1,320", @oswaldomolinac 
Olivier,Th√©venon,pth83,6,5,164,18,"4,021","1,312",575, @othevenon 
Owen,Ozier,poz63,4,4,310,12,883,246,972, @owenozier 
Ali,Ozkes,poz53,2,0,9,4,"1,250",466,331, @ozkesali 
Partha,Chatterjee,pch479,4,2,43,7,13,47,7, @p_chatterjee 
Pablo,Salvador,psa413,2,1,45,11,"15,900","1,503","2,270", @pablofsalvador 
Lionel,Page,ppa1108,10,10,172,13,"2,471",282,"2,690", @page_eco 
Paulo,Nunes,pnu9,8,8,309,17,"1,421",426,186, @paldnunes 
Vikas,Rawal,pra76,2,0,17,17,385,146,32, @panread 
Patrick,Bennett,pbe1041,1,0,1,1,46,114,55, @pat_d_bennett 
Patrice,Gaubert,pga589,3,2,57,17,"3,307","2,709","1,306", @patricegaubert1 
Patrick,GaulÃ©,pga219,6,4,101,7,112,410,111, @patrick_gaule 
Paul,Clist,pcl73,5,4,110,16,1326,321,268, @paulclist 
Paul,Niehaus,pni384,6,6,189,10,"1,700",179,"2,840", @paulfniehaus 
Paul,Goldsmith-Pinkham,pgo624,5,4,264,9,"9,647",740,"1,726", @paulgp 
Paul,Krugman,pkr10,51,101,17585,36,"11,800",32,4.5M, @paulkrugman 
Paulo,Gala,pga212,6,4,164,15,"7,143","1,753","3,094", @paulogala 
Paul,Raschky,pra269,9,9,439,11,623,324,433, @paulraschky 
Patrice,Bougette,pbo222,3,0,22,12,572,416,382, @pbougette 
Paul,De Grauwe,pde1077,25,61,2440,45,"1,359",156,"48,500", @pdegrauwe 
Panicos,Demetriades,pde5,18,27,2039,30,"2,271",423,531, @pdemetriades 
Levi,PÃ©rez,ppe450,3,0,25,14,"5,578",484,343, @perezlevi 
Peter,Boettke,pbo185,11,11,329,27,"10,900",236,"8,079", @peterboettke 
Peter,Klein,pkl1,10,10,416,22,"5,828","2,154","8,183", @petergklein 
Peter,Bell,pbe887,1,0,1,8,"19,800","1,474","1,210", @peternbell 
Glen,Peters,ppe462,10,11,608,9,"10,900",625,"7,055", @peters_glen 
Peter,Waterman,pwa6,1,0,1,24,11,3,42, @peterwaterman2 
Peter,Sivey,psi383,7,7,142,8,"1,628",437,366, @petesivey 
Peter,Bent,pbe999,1,0,1,1,"6,561","4,999","3,843", @phbent 
Philippe,Delacote,pde391,7,3,138,11,"1,794",357,196, @phildelacote 
Philip,Levy,ple306,5,4,298,21,"12,600","1,123","1,932", @philipilevy 
Philip,Shapira,psh171,8,6,257,27,596,149,626, @philipshapira 
Paul,HÃ?nermund,phn4,2,0,16,4,"3,430","1,050",556, @phuenermund 
Pierre,Monnin,pmo1000,5,3,127,12,874,100,280, @pierre_monnin 
Pierre,GuÃ©rin,pgu370,4,3,84,7,7,40,7, @pierreconomics 
Pierre-Emmanuel,Th√©rond,pth190,2,0,11,13,936,268,339, @pierretherond 
Thomas,Piketty,ppi17,28,38,4253,25,155,13,"52,500", @pikettylemonde 
Dirk,Pilat,ppi98,11,11,529,25,"6,326","1,252","1,489", @pilatsti 
Peter,Ireland,pir1,22,39,2640,26,"1,974","1,253","1,291", @pirelandatbc 
Pamela,Jakiela,pja260,6,4,219,10,837,942,"3,064", @pjakiela 
Sonia,Plaza,ppl41,5,5,150,7,"2,714","1,169","1,031", @plazasonia 
Paul,Latreille,pla168,9,7,211,25,"12,100","1,328","1,651", @pllatreille 
Paul,Makdissi,pma9,9,8,314,20,250,105,72, @pmakdissi 
Paolo,Manasse,pma149,11,11,641,28,"2,623",976,"2,136", @pmanasse 
Panagiotis,Mantalos,pma697,4,3,161,18,6,41,6, @PMantalos 
Patrice,Laroche,pla140,6,4,208,18,5,9,6, @pmrlaroche 
Pedro,Martins,pma50,17,26,885,18,"3,340","2,936","1,316", @pmrsmartins 
Thomas,Porcher,ppo617,2,0,15,4,"8,420","1,273","32,200", @porcherthomas 
Panu,Pelkonen,ppe467,4,4,119,10,985,188,271, @ppelk 
Philippe,Quirion,pqu23,15,19,784,22,285,164,260, @pquirion1 
Jay,Zagorsky,pza246,6,6,171,24,159,16,260, @prof_jay_z 
Karthik,Muralidharan,pmu102,12,12,769,12,628,126,"5,582", @prof_karthik_m 
Gina,Pieters,ppi307,1,0,3,7,908,619,656, @prof_pieters 
Robert,Engle,pen9,57,104,26383,51,42,21,700, @Prof_RobEngle 
Ahmed,Abd Ellah,pab127,1,0,8,8,256,1269,163, @profahmhamed 
Adrienne,Lucas,plu223,6,5,181,7,137,484,491, @profalucas 
David,Harvey,pha1135,4,3,211,11,"2,815",737,"88,600", @profdavidharvey 
Jason,Potts,ppo78,7,5,255,17,"8,237","2,984","2,187", @profjasonpotts 
Ibrahim,Soliman,pso286,1,0,23,39,18,80,34, @profsoliman 
Steve,Keen,pke123,8,6,241,26,"42,200",709,"50,300", @profstevekeen 
Yannis,Ioannides,pio6,22,39,2005,42,857,106,247, @profymi 
Paul,Schweinzer,psc108,4,2,72,15,147,379,96, @pschweinzer 
Ben,Vermeulen,pve287,1,0,1,5,126,47,49, @pverme 
ThÃ©rÃ¨se,Quang,pqu101,1,1,10,2,394,253,240, @qngth 
Richard,Thaler,pth67,50,73,12746,40,"5,943",500,"120,000", @r_thaler 
Radhika,Pandey,ppa632,4,1,41,7,408,43,372, @radhikaskp 
Rafael,De Hoyos,pde242,7,5,361,12,"2,317",421,"1,536", @rafadehoyos 
Rafael,Cezar,pce118,4,2,57,6,19,71,95, @rafcezarr 
Raymond,Riezman,pri43,18,25,1135,37,114,77,24, @rafer77 
Raffaella,Sadun,psa385,15,16,927,12,"1,747",395,"2,153", @raffasadun 
Rajiv,Sethi,pse5,13,21,870,24,"1,837",410,"2,206", @rajivatbarnard 
Raphael,Franck,pfr128,8,5,214,16,15,185,48, @raphael__franck 
RaÃºl,Bajo-Buenestado,pba571,1,0,2,2,"1,928",192,199, @raulbajob 
Raul,Ramos,pra12,15,19,646,19,322,301,246, @raulramosl 
Raphael,Bergoeing,pbe8,10,12,410,15,"7,950",357,"16,800", @rbergoeingv 
RenÃ©,BÃ¶heim,pbh15,11,11,383,21,"5,196",459,473, @rboheim 
Robert,Metcalfe,pme196,9,9,316,9,"1,638",535,920, @rdmetcalfe 
Rafael,Domenech,pdo18,14,21,885,27,"8,859",429,"6,439", @rdomenechv 
Mark,Reader,pre90,2,0,7,10,"2,517",388,198, @reader_ma 
Joshua,Hendrickson,phe497,3,2,48,7,"6,585",324,"1,756", @rebeleconprof 
Refet,GÃ?rkaynak,pgu93,18,19,2051,14,894,0,"28,500", @refetgurkaynak 
H. Reiju,Mihara,pmi193,4,0,39,23,"9,926",25,983, @reiju21jp 
Remi,Bazillier,pba247,3,2,54,13,"3,149",903,"1,042", @remibaz 
Remy,Lecat,ple453,7,4,131,15,199,198,175, @remylecat 
Renaud,BourlÃ¨s,pbo256,7,6,283,12,804,333,228, @renaudbourles 
Renzo,Rossini,pro502,6,3,81,27,"2,661",747,954, @renzorossini 
Reynold,Nathanael,pna580,1,0,4,1,13,19,53, @reynoldcnathan 
Rebeca,Gomez Betancourt,pgo432,2,0,9,10,"2,297","1,751",908, @rgbetancourt 
Rachel,Glennerster,pgl73,9,9,625,12,"3,304",504,"8,018", @rglenner 
Ricardo,LÃ?pez,plo152,9,8,440,13,57,167,131, @ric4rdol 
Richard,Phelps,pph73,1,0,4,22,"5,999",482,582, @richardpphelps 
Richard,Price,ppr368,3,3,86,16,"2,828",631,"1,690", @richardprice101 
Richard,Tol,pto90,29,102,3605,25,"56,200",435,"6,441", @richardtol 
Riccardo,Puglisi,ppu49,8,7,238,14,"167,000","6,225","23,100", @ricpuglisi 
Robert,Iquiapaza,piq6,1,0,4,11,"1,855",312,56, @riquiapaza 
Rita,Santos,psa1499,4,1,51,8,648,507,519, @ritasantos05 
Nicholas,Rivers,pri290,11,15,289,14,"2,465",326,"1,571", @riversnic 
Raymundo,Campos-Vazquez,pca931,7,6,117,8,3496,482,"3,029", @rmcamposvazquez 
Roberta,Rabellotti,pra101,13,13,576,22,785,340,420, @robertarab 
Robert,Finger,pfi99,6,3,132,10,806,224,464, @robertfinger1 
Robert,Inklaar,pin7,16,25,1389,18,164,37,195, @robertinklaar 
Robert,Elliott,pel11,21,34,1300,23,"2,860","1,781","1,273", @robertjrelliott 
Robert,Shiller,psh69,42,85,9924,46,210,32,"117,000", @robertjshiller 
Roberto,Bande,pba387,4,2,89,17,"1,305",202,138, @roberto_bande 
Roberto,Fortich,pfo103,1,0,8,5,"33,500","1,237","1,390", @robertocarlosf 
Roberto,Iacono,pia29,1,0,1,7,139,567,206, @robertoiacono83 
Roberton,Williams,pwi38,16,21,1171,21,489,180,357, @roberton3will 
Rob,Hyndman,phy3,18,27,1183,25,"1,183",656,"7,244", @robjhyndman 
AndrÃ©s,RodrÃ?guez-Pose,pro131,23,52,1856,22,483,940,"1,679", @rodriguez_pose 
Dani,Rodrik,pro60,50,109,13919,37,"19,800",407,"92,700", @rodrikdani 
Roland,Rathelot,pra238,7,7,410,10,29,201,268, @rolandrathelot 
Isidoro,Romero,pro242,4,1,72,18,"2,880",145,557, @romeroisidoro 
Ronan,Lyons,ply25,3,1,63,5,"21,200",778,"18,200", @ronanlyons 
Knut Einar,Rosendahl,pro819,15,28,851,23,"1,051",558,817, @rosendahlke 
Ross,Hickey,phi116,3,1,23,5,892,269,193, @rossatronhickey 
Rodrigo,Taborda,pta133,3,2,81,21,"1,918",385,85, @rotabori 
Rowena,Gray,pgr390,3,1,29,6,150,541,381, @rowenagray6 
Rahul,Mehrotra,pme692,1,0,3,1,361,"1,069",231, @rrahulmehrotra 
Reimund,Schwarze,psc591,7,5,144,27,"4,202",746,867, @rschwarze 
Richard,Grossman,pgr394,10,10,372,32,437,189,316, @rsgrossman 
Roman,Sheremeta,psh307,19,33,1331,8,25,31,137, @rshereme 
Raphael,Soubeyran,pso102,5,4,132,15,377,211,126, @rsoubeyran 
Christopher,Ruebeck,pru128,4,3,98,12,"4,204",496,244, @ruebeck 
Ryan,Edwards,ped77,1,0,6,1,"18,900","1,506","2,088", @ryanbedwards 
Svetlana,Fedoseeva,pfe405,2,0,10,4,"1,189",126,82, @s_fedoseeva 
SÃ¸ren Hove,Ravn,pra848,3,1,24,16,471,238,362, @s_hoveravn 
Sacchidananda,Mukherjee,pmu174,3,0,32,11,173,170,58, @sachsspeaks 
Salim,Furth,pfu163,1,0,3,1,"36,300",509,"1,998", @salimfurth 
Salvatore,Monni,pmo251,4,3,116,19,"3,606","2,566","3,344", @salvatoremonni 
Sam,Langfield,pla829,6,6,183,5,"2,484","1,251",466, @samlangfield 
William,Darity,pda222,15,24,1015,42,"89,000","1,360","19,700", @sandydarity 
Santiago,SÃ¡nchez-PagÃ©s,psn5,6,4,312,15,"1,497",304,402, @sanpages 
Santiago,Lago-PeÃ±as,pla71,7,5,163,17,"5,921",328,"1,669", @santiagolagop 
Santiago,Tob√≥n,pto355,1,0,1,5,"10,500","1,215","1,647", @santiagotobon 
Paulo,Santos Monteiro,psa407,4,0,32,10,445,359,96, @santosmonteirop 
Saon,Ray,pra545,1,0,1,6,115,58,22, @saonray 
Sarah Grace,See,pse438,1,1,13,5,207,881,108, @sarahgracesee 
Sarah,Jacobson,pja277,4,2,110,10,"3,003",238,851, @sarahjacobsonec 
Sara,Rose Taylor,pro893,1,0,3,1,"2,498","1,068",538, @sararosetaylor 
Sarosh,Khan,pkh13,1,0,8,1,"3,479",586,325, @saroshkhan 
Oleksandr,Talavera,pta65,11,16,416,16,349,58,98, @sashatalavera 
Stefan,Bauernschuster,pba546,10,10,372,9,178,115,111, @sbauernschuster 
Sumon,Bhaumik,pbh26,11,12,545,21,"4,905",83,549, @sbhau 
Ioan Sebastian,Buhai,pbu72,4,2,48,11,"6,915",99,188, @sbuhai 
Santiago,Carbo Valverde,pca189,12,13,650,24,9828,"1,553","5,964", @scarboval 
Jan,Schnellenbach,psc53,10,11,385,15,"2,703",518,449, @schnellenbachj 
Christian,Schubert,psc236,6,4,96,14,"4,216","2,248",893, @schubertdr 
Scott,Irwin,pir28,16,33,1135,32,"8,792","13,200","13,400", @scottirwinui 
Scott,Hegerty,phe290,9,8,321,10,23,367,23, @scottwhegerty 
Samuel,Danthine,pda237,2,0,9,13,"7,320","1,227",283, @sdanthine 
Salim,Dehmej,pde1006,1,0,2,4,"1,490",491,724, @sdehmej 
Sebastian,Dullien,pdu53,6,3,125,15,"2,365",598,"2,038", @sdullien 
Seamus,Hogan,pho247,5,3,89,24,776,29,142, @seamus_hogan 
Sebastian,Gallegos,pga303,4,3,44,8,"1,726","1,470",734, @seba_gallegos 
Sebastian,Fleitas,pfl83,2,0,15,7,"8,813","3,963","2,064", @sebafle 
Sebastian,Fossati,pfo140,2,0,13,10,"1,865",87,102, @sebafossati 
Sebastian,Freille,pfr72,2,1,65,7,"5,004",874,736, @sebafreille 
Sebastian,Goerg,pgo244,6,5,111,10,215,338,265, @sebastianjgoerg 
Marcelo,Villena,pvi237,2,0,17,14,"1,318",902,"1,336", @sebvillemot 
Teodor,Sedlarski,pse425,1,0,2,11,"2,340",783,749, @sedlarski 
Seema,Jayachandran,pja86,12,13,780,16,626,519,"5,223", @seema_econ 
Semih,Tumen,ptu44,6,0,62,8,250,495,342, @semihtumen 
Sendhil,Ramadas,pra810,2,0,10,9,210,724,228, @sendhil_ramadas 
Sener,Salci,psa1406,1,0,5,5,161,218,103, @senersalci 
Jim,Sentance,pse255,1,0,9,1,"2,045",101,158, @sentancej 
Sergei,Guriev,pgu59,16,23,923,18,673,85,"55,400", @sguriev 
Shelly,Lundberg,plu82,26,32,2957,36,"2,231",119,"3,894", @shellyjlundberg 
Oleksandr,Shepotylo,psh191,6,3,167,12,"1,050",471,76, @shepotylo 
Silvia,Gatti,pga597,2,0,5,19,293,9,194, @silviagatti8 
Simon,Reif,pre501,1,0,5,1,534,345,202, @simonreif 
Sinclair,Davidson,pda347,4,3,77,18,"20,800",658,"1,654", @sincdavidson 
Sabrina,Jeworrek,pje150,1,0,3,3,30,97,33, @sjeworrek 
Simon,Wren-Lewis,pwr17,15,22,848,33,"14,000",150,"22,900", @sjwrenlewis 
Fabian,Winter,pwi209,4,1,34,4,46,106,55, @soclgy 
Sofronis,Clerides,pcl7,9,8,1181,21,5124,410,"1,950", @sofronclerides 
Sophie,BÃ©jean,pbj20,3,1,28,26,"3,042","1,098","2,157", @sophiebejean 
Kurt,Mitman,pmi418,9,8,245,6,"3,579",308,"1,030", @sorrytobekurt 
Soumyatanu,Mukherjee,pmu369,1,0,2,7,"2,009",214,83, @soumyatanumukhe 
David,Bieri,pbi53,2,1,13,13,228,324,206, @space_economy 
Stephane,Pallage,ppa3,9,9,457,26,"1,027",751,"1,085", @spallage 
Stefan,Szymanski,psz8,19,32,1437,24,"1,942",349,"8,256", @sszy 
Alexander,Veysov,pve254,1,0,2,13,131,902,"2,605", @stanveuger 
Stanislav,Kolenikov,pko3,7,4,198,15,"7,073","1,085",920, @statstas 
Stefano,Gori,pgo728,1,0,3,9,"1,519","3,791",739, @stefgori73 
Stephen,Tapp,pta221,2,0,14,6,"8,371","1,045","3,713", @stephen_tapp 
Stephen,Gordon,pgo166,7,5,320,26,"40,900",627,"9,831", @stephenfgordon 
Stephen,Kinsella,pki169,5,2,101,12,"35,200","3,425","20,400", @stephenkinsella 
David,Stern,pst75,25,38,3424,26,"2,782",521,833, @sterndavidi 
Steve,Cicala,pci93,3,1,31,6,2152,204,693, @stevecicala 
Sara,Torregrosa-Hetland,pto345,1,0,2,3,"1,646",463,459, @sthetland 
Stijn,Baert,pba1112,6,3,149,6,"2,136",423,"3,025", @stijn_baert 
Soledad,Zignago,pzi32,11,13,1228,18,"8,283","1,614","2,564", @szignago 
Tom,Holden,pho254,3,2,50,9,676,"2,726","1,839", @t_holden 
Theodore,Palivos,ppa134,13,15,526,27,"1,133",177,299, @t_palivos 
Kan,Takeuchi,pta324,2,2,52,1,"6,057",125,"4,196", @takekan 
Takero,Doi,pdo15,6,6,143,19,"8,024",88,"14,900", @takero_doi 
Tammy,Schirle,psc223,5,2,118,11,"9,313",146,"1,927", @tammyschirle 
Tara,Watson,pwa238,8,8,202,18,609,424,517, @taraelizwatson 
Tara,Sinclair,psi150,7,6,167,17,"2,661",990,"2,105", @tarasinc 
Taye,Mengistae,pme90,10,10,411,24,569,220,67, @tayemengistae 
Thomas,Drechsel,pdr141,3,2,100,3,885,618,474, @td_econ 
Thibault,Darcillon,pda721,2,0,9,5,756,640,442, @tdarcillon 
Edward,Miguel,pmi499,26,40,3779,19,"10,700",238,"5,492", @tedmiguel 
Temel,Taskin,pta426,5,3,87,7,536,"1,264",278, @temeltaskin 
Thierry,Warin,pwa190,4,2,59,16,"2,375","1,161",625, @thierry_warin 
Thijs,Knaap,pkn10,3,3,63,16,985,212,169, @thijsknaap 
Thomas,Dee,pde619,18,25,1307,20,971,553,"1,562", @thomas_s_dee 
Thomas,Fent,pfe127,4,1,40,18,34,20,20, @thomasfent 
Thomas,Marsh,pma351,9,5,381,19,9,37,35, @thomaslmarsh1 
Thomas,Peeters,ppe415,5,3,51,9,356,204,206, @thpeeter 
Thomas,Ziesemer,pzi7,8,7,235,28,2,2,10, @thwziesemer 
Isaac,SÃ¡nchez-JuÃ¡rez,pju66,5,5,154,4,"4,979","3,229","4,292", @tiempoeconomico 
Tilman,BrÃ?ck,pbr19,12,12,406,16,101,380,302, @tilmanbrueck 
Timothy,Bartik,pba76,16,24,1848,33,"5,166","1,599","1,813", @timbartik 
Tim,Leunig,ple341,7,7,161,19,"5,833",131,"6,559", @timleunig 
Timothy,Worrall,pwo43,7,6,896,31,42,82,23, @timsworrall 
Katrin,Tinn,pti91,2,0,8,7,147,104,113, @tinn_katrin 
T. Kirk,White,pwh3,6,3,147,16,58,34,22, @tkirkwhite 
Tomas,Nilsson,pni30,3,2,58,9,"2,451",154,357, @tknilsso 
Thomas,McGregor,pmc276,1,0,4,9,33,73,59, @tmjmcgregor 
Tommaso,Nannicini,pna56,17,20,1275,13,"7,864","1,747","10,600", @tnannicini 
Tom,Kompas,pko136,12,16,473,32,"3,395","1,661","2,350", @tom_kompas 
Tomaso,Duso,pdu6,11,13,380,19,882,304,369, @tomaso_duso 
Anthony,Orji,por167,2,0,11,7,"3,525","1,043",357, @tonyorji1 
David,Byrne,pby17,6,6,206,15,703,95,419, @tornqvist999 
V√≠ctor,Torres Preciado,pto206,2,0,8,9,933,164,67, @torrespreciado 
Theodore,Panagiotidis,ppa215,12,15,487,17,"2,135",252,206, @tpanagiotidis 
Douglas,Campbell,pca584,4,1,34,7,"1,348","5,982","6,179", @tradeandmoney 
Jonathan,Dingel,pdi319,3,2,79,5,"3,242",156,982, @tradediversion 
Trevor,Tombe,pto222,6,5,203,7,"46,500","4,102","9,918", @trevortombe 
Mihaly,Himics,phi176,4,1,44,9,29,58,13, @trialsolution 
Trilce,Navarrete,pna552,2,0,8,4,"4,485",422,681, @trilcenavarrete 
Tuukka,Saarimaa,psa721,5,2,78,13,"4,045","1,624","2,546", @tsaarimaa 
Sandy,Tubeuf,ptu63,6,5,169,9,834,474,308, @tube_of_sand 
David,Tuesta,ptu97,5,4,95,13,"15,300",472,"3,856", @tuestadavid 
David,Evans,pev50,5,3,176,12,"9,095",514,"8,281", @tukopamoja 
Tomas,Williams,pwi197,4,3,48,8,"2,338",543,267, @twilliams8 
Jesus,Ramos-Martin,pra54,6,3,93,13,"9,525",355,611, @txusramos 
Tyler,Ransom,pra541,2,1,29,3,"1,945",539,391, @tyleransom 
Urszula,Szczerbowicz,psz51,4,1,81,7,826,677,649, @u_szczerbowicz 
John,Chilton,pch803,4,3,61,25,7599,648,278, @uaeeconomist 
Paloma,Ubeda,pub10,3,1,29,6,208,488,229, @ubedapaloma 
Ugo,Fratesi,pfr40,7,5,264,16,34,248,276, @ugofratesi 
Ulf,Rinne,pri117,12,17,423,12,844,258,225, @ulfrinne 
Beatrice,Cherrier,pch1668,3,0,21,10,12300,"4,752","7,368", @undercoverhist 
Ugo,Panizza,ppa92,25,48,2959,21,"5,291",673,"1,415", @upanizza 
Ryan,Decker,pde1061,6,5,203,4,"16,100",462,"2,629", @updatedpriors 
Ram Upendra,Das,pda267,2,0,7,15,"3,471",325,"3,688", @upendra900 
Rafael,Pereira,ppe512,1,0,4,6,"7,443","1,916","6,801", @urbandemog 
Ville,Pikkarainen,ppi441,1,0,1,1,678,"12,700","11,600", @v_pikkarainen 
Vahid,Mohamad Taghvaee,pmo908,1,0,4,3,36,31,25, @vahidestan 
Valeria,Rueda,pru297,1,1,14,4,174,511,149, @valiguaran 
Vicente,Perez-Chamorro,ppe340,1,0,9,1,19,50,35, @vapercha 
Juan,Sanchez,psa150,9,8,373,14,"2,035",398,426, @vediense 
VerÃ?nica,Escudero,pes138,2,1,32,9,243,"1,254","1,357", @veescudero_ 
Vicente,Royuela,pro311,13,16,473,17,366,152,178, @vicenteroyuela 
Karen,Clay,pcl25,8,8,357,26,2248,"2,127","10,200", @victorclaar 
Viktor,Ledenyov,ple670,1,0,3,6,"1,307","2,410",256, @viktoroledenyov 
Vincent,Grossmann-Wirth,pgr576,1,0,3,6,749,"1,578",549, @vincegw 
Vincent,Geloso,pge257,2,0,6,4,"10,900","1,501","2,200", @vincentgeloso 
Vincent,Pons,ppo637,2,1,103,6,858,"1,230","2,086", @vinpons 
Virginie,Coudert,pco112,17,23,852,31,137,196,157, @virginiecouder1 
Vani,Borooah,pbo27,10,10,429,37,7,24,16, @vkborooah 
Valentino,Larcinese,pla117,9,7,287,16,"1,318",265,801, @vlarcinese 
Nadezhda,Volovik,pvo174,2,0,5,3,7,9,19, @volosovych 
Pieter,Van Rymenant,pva783,1,0,3,1,"1,313",274,335, @vruijven 
Augustin,Vicard,pvi370,2,0,20,8,651,238,398, @vvicard 
Walter,Steingress,pst217,4,3,125,9,125,105,113, @w_steingress 
William,Masters,pma113,10,11,682,25,356,501,714, @wamasters 
William,Doerner,pdo303,3,1,25,7,499,"2,635","3,286", @wdoerner 
Wolfgang,Frimmel,pfr181,3,0,24,9,12,52,40, @wfrimmel 
Karl,Whelan,pwh23,19,29,1499,25,"11,100",274,"15,900", @whelankarl 
Peter,Whiteford,pwh32,6,4,142,29,"48,900","4,070","3,554", @whitefordpeter 
Werner,HÃ¶lzl,phl1,8,8,262,17,327,418,245, @whoelzl 
David,Wiczer,pwi218,3,2,46,8,138,79,97, @wiczerd 
Volker,Wieland,pwi9,26,34,3043,21,163,50,325, @wielandvolker 
Willa,Friedman,pfr283,2,1,55,5,"1,342","1,273","1,441", @willafriedman 
William,Branch,pbr196,14,16,913,15,916,187,219, @williamabranch 
Koi,Wong,pwo127,3,1,71,11,2,35,4, @wongkoinyen 
Parag,Waknis,pwa449,1,0,1,7,"1,818",817,263, @wparag 
Wolf-Peter,Schill,psc650,8,7,208,9,39,80,97, @wpschill 
Wojciech,Kopczuk,pko20,20,28,1263,17,"1,492",236,"1,000", @wwwojtekk 
Xi,Chen,pch679,4,1,49,11,663,288,284, @xcyale 
Francesco,Trebbi,ptr40,19,22,2659,17,"3,710",471,"2,103", @xftrebbi 
Ximena,PeÃ±a,ppe259,6,5,138,18,"2,651",990,"2,642", @ximena_pena 
Xavier,Sala-i-Martin,psa510,39,53,8792,28,"19,700",264,"442,000", @xsalaimartin 
Yosuke,Yasuda,pya185,3,2,129,8,"32,100",427,"19,700", @yagena 
Yamina,Tadjeddine,pta296,2,0,8,13,320,103,178, @yamintadjeddine 
Yangki,Suara,psu343,1,0,3,2,"10,700","1,607","1,650", @yangkisuara 
Yaniv,Stopnitzky,pst505,1,0,9,5,"8,842",465,330, @yanivst 
Yann,Giraud,pgi180,2,0,13,8,"1,338",226,482, @yannbgiraud 
Yannick,Perez,ppe308,8,5,161,13,"1,757","1,752",814, @yannick_perez 
Yasuyuki,Sawada,psa494,12,15,602,24,"1,468",392,"2,180", @yasusawada 
Yolanda,Blasco-Martel,pbl153,1,0,2,11,"1,614",202,239, @yblascom 
Hakan,Yilmazkuday,pyi32,9,9,217,14,298,791,239, @yilmazkuday 
Yannick,Lucotte,plu256,5,2,74,8,"1,736","2,356",676, @ylucotte 
Yusuf,Mansur,pma1666,2,0,7,4,"22,600","2,556","13,500", @ymansur 
Yuki,Takahashi,pta407,2,0,7,3,16,105,93, @yukitakahashi11 
Yves,Zenou,pze5,30,72,2981,25,246,158,249, @yveszenou1 
ZoltÃ¡n,Bartha,pba1146,3,0,21,9,31,16,26, @z655321 
Zhuo,Chen,pch405,8,6,264,9,633,408,198, @zhuo_adam_chen 
Anjali,Adukia,pad164,1,0,7,1,7,622,446,@aadukia
AndrÌ©s,ÌÅlvarez,pal376,2,0,9,15,5267,565,908,@aalvarezgallo
Claudio,Agostini,pag22,6,1,123,13,1723,169,9022,@agostini_cl
Alexander,Ahammer,pah166,2,0,6,3,23,125,47,@ahammeralex
K. Ali,Akkemik,pak13,5,3,86,12,421,44,152,@akkemik
CÌ©sar,Alonso-Borrego,pal9,8,8,575,23,5430,555,360,@alonsobcesar
Amanda,Agan,pag103,2,1,30,6,521,371,1227,@amandayagan
Edson,Araujo,par133,1,0,2,1,59,86,62,@araujoec
Nikos,Askitas,pas55,4,3,145,8,5251,126,268,@askitas
N. Emrah,Aydinonat,pay1,2,0,10,14,3510,581,2560,@aydinonat
Sara,AyllÌ?n,pay16,3,0,24,13,1017,119,227,@ayllonsara
Benito,ArruÌ±ada,par20,7,5,203,31,32400,733,7294,@benitoarrunada
BjÌ?rn,Arnarson,par416,1,0,4,7,184,535,115,@bjorci
Cevat Giray,Aksoy,pak156,1,0,1,2,1274,492,930,@cevatgirayaksoy
David,Andolfatto,pan9,13,17,1290,24,17200,631,8700,@dandolfa
David,Agrawal,pag45,3,1,40,4,49,364,171,@davidragrawal
Daron,Acemoglu,pac16,69,173,24873,29,32,341,"24,100",@DrDaronAcemoglu
Erik,Angner,pan161,3,1,35,14,"4,615","2,604",2650,@erikangner
Eva,Arceo-Gomez,par290,5,4,112,8,3195,466,900,@evaoarceo
Ferhat,Arslaner,par395,3,0,16,18,390,888,165,@farslaner
Guillaume,AllÌ¬gre,pal370,4,0,31,12,"4,868","1,435",3748,@g_allegre
Gabriel,Zucman,pzu32,9,9,699,6,"1,854",905,"13,300",@gabriel_zucman
Olugbenga,Ajilore,paj29,3,1,22,12,4839,791,475,@gbenga_ajilore
Guillermo,Alves,pal497,3,0,22,9,"11,900","1,215",1032,@guillermo_alves
Julio,Arteaga,par292,1,0,4,16,4120,72,346,@jc_artegar
John,Anyanwu,pan390,13,17,486,20,11000,232,180,@jcanyanwu
Jesse,Zinn,pzi98,1,0,1,2,171,28,49,@jesseaaronzinn
Jorge,Abad,pab367,1,1,19,1,58,489,62,@jrg_abad
Kim,Abildgren,pab325,3,0,19,10,19,0,41,@kim_abildgren
Lilia,Aleksanyan,pal649,2,0,9,5,268,746,416,@laleksanyan
Leticia,Arroyo Abad,par370,3,1,32,6,3486,626,437,@larroyoabad
Lykke,Andersen,pan43,8,5,245,21,639,196,348,@lykkeeandersen
M. Aykut,Attar,pat34,1,0,2,10,"5,412","2,976",1352,@maattar
Mabid,Al-Jarhi,pal663,2,0,13,36,"52,700","9,088",8360,@maljarhi
Massimo,Anelli,pan451,3,0,22,4,385,518,254,@massimo_anelli
Marina,Azzimonti,paz11,11,12,371,15,80,65,149,@mazzimon77
Joshua,Angrist,pan29,48,85,11762,30,131,182,3682,@metrics52
Ghulam,Mohey-ud-din,pab58,1,0,4,12,962,249,58,@moheyuddin
Mouawiya,Al Awad,pal278,3,2,78,7,11,7,2,@mouawiya
Martina,Zweim√ºller,pzw7,7,6,134,8,23,98,25,@mrszed78
Nuran,Arslaner,par337,2,0,7,20,6,495,81,@noorarx
Oluwatobiloba,Adewunmi,pad203,11,14,373,5,624,761,187,@oluwatobiclay
Owen,Zidar,pzi93,4,3,89,3,"5,989","1,038","5,045",@omzidar
Rodrigo,Arim,par339,5,0,50,14,635,824,3035,@rodrigoarim1
Adrian,Alter,pal673,4,3,214,6,639,"9,754",12300,@romanianromance
Seyi,Akadiri,pak216,1,0,2,2,112,149,76,@sainty02
Sebastian,Aparicio,pap38,2,1,18,6,3605,182,201,@sebasaparicio15
Sofiane,Aboura,pab28,5,2,54,13,2036,648,652,@sofianeaboura
Soren,Anderson,pan315,10,10,495,15,151,108,143,@sorentanderson
Stavros,Zenios,pas152,4,1,39,24,14700,166,4578,@stavroszenios
Susan,Athey,pat6,24,33,2151,23,346,401,10300,@susan_athey
Abdullah,Al-Bahrani,pal867,2,0,11,1,"8,635","1,472",1927,@teach_econ
Titus,Awokuse,paw5,10,11,330,19,275,304,287,@titusawokuse
Tony,Addison,pad159,11,14,373,32,"43,300","3,977","21,300",@tonysangle
Victor,Aguirregabiria,pag15,11,14,878,21,834,355,309,@vaguirregabiria
