first.name,last.name,ID,twitter,h.index,i10.index,citations,tweets,following,followers
Jorge,Abad,pab367, @jrg_abad ,1,1,19,58,489,62
Ahmed,Abd Ellah,pab127, @profahmhamed ,1,0,8,256,"1,269",163
Kim,Abildgren,pab325, @kim_abildgren ,3,0,19,19,0,41
Sofiane,Aboura,pab28, @sofianeaboura ,5,2,54,"2,036",648,652
Daron,Acemoglu,pac16, @DrDaronAcemoglu ,69,173,24873,32,341,"24,100"
Tony,Addison,pad159, @tonysangle ,11,14,373,"43,300","3,977","21,300"
Oluwatobiloba,Adewunmi,pad203, @oluwatobiclay ,11,14,373,624,761,187
Anjali,Adukia,pad164, @aadukia ,1,0,7,7,622,446
Amanda,Agan,pag103, @amandayagan ,2,1,30,521,371,"1,277"
Claudio,Agostini,pag22, @agostini_cl ,6,1,123,"1,723",169,"9,022"
David,Agrawal,pag45, @davidragrawal ,3,1,40,49,364,171
Victor,Aguirregabiria,pag15, @vaguirregabiria ,11,14,878,834,355,309
Alexander,Ahammer,pah166, @ahammeralex ,2,0,6,23,125,47
Olugbenga,Ajilore,paj29, @gbenga_ajilore ,3,1,22,"4,839",791,475
Seyi,Akadiri,pak216, @sainty02 ,1,0,2,112,149,76
K. Ali,Akkemik,pak13, @akkemik ,5,3,86,421,44,152
Cevat Giray,Aksoy,pak156, @cevatgirayaksoy ,1,0,1,"1,274",492,930
Mouawiya,Al Awad,pal278, @mouawiya ,3,2,78,11,7,2
Abdullah,Al-Bahrani,pal867, @teach_econ ,2,0,11,"8,635","1,472","1,927"
Lilia,Aleksanyan,pal649, @laleksanyan ,2,0,9,268,746,416
Mabid,Al-Jarhi,pal663, @maljarhi ,2,0,13,"52,700","9,088","8,360"
Guillaume,AllÌ¬gre,pal370, @g_allegre ,4,0,31,"4,868","1,435","3,748"
CÌ©sar,Alonso-Borrego,pal9, @alonsobcesar ,8,8,575,"5,430",555,360
Adrian,Alter,pal673, @romanianromance ,4,3,214,639,"9,754","12,300"
Guillermo,Alves,pal497, @guillermo_alves ,3,0,22,"11,900","1,215","1,032"
Lykke,Andersen,pan43, @lykkeeandersen ,8,5,245,639,196,348
Soren,Anderson,pan315, @sorentanderson ,10,10,495,151,108,143
David,Andolfatto,pan9, @dandolfa ,13,17,1290,"17,200",631,"8,700"
Massimo,Anelli,pan451, @massimo_anelli ,3,0,22,385,518,254
David,Angenendt,pan468, @datanecon ,3,0,22,278,"1,278",180
Erik,Angner,pan161, @erikangner ,3,1,35,"4,615","2,604","2,650"
Joshua,Angrist,pan29, @metrics52 ,48,85,11762,131,182,"3,682"
John,Anyanwu,pan390, @jcanyanwu ,13,17,486,"11,000",232,180
Sebastian,Aparicio,pap38, @sebasaparicio15 ,2,1,18,"3,605",182,201
Edson,Araujo,par133, @araujoec ,1,0,2,59,86,62
Eva,Arceo-Gomez,par290, @evaoarceo ,5,4,112,"3,195",466,900
Rodrigo,Arim,par339, @rodrigoarim1 ,5,0,50,635,824,"3,035"
BjÌ?rn,Arnarson,par416, @bjorci ,1,0,4,184,535,115
Leticia,Arroyo Abad,par370, @larroyoabad ,3,1,32,"3,486",626,437
Benito,ArruÌ±ada,par20, @benitoarrunada ,7,5,203,"32,400",733,"7,294"
Nuran,Arslaner,par337, @noorarx ,2,0,7,6,495,81
Ferhat,Arslaner,par395, @farslaner ,3,0,16,390,888,165
Julio,Arteaga,par292, @jc_artegar ,1,0,4,"4,120",72,346
Nikos,Askitas,pas55, @askitas ,4,3,145,"5,251",126,268
Susan,Athey,pat6, @susan_athey ,24,33,2151,346,401,"10,300"
M. Aykut,Attar,pat34, @maattar ,1,0,2,"5,412","2,976","1,352"
Titus,Awokuse,paw5, @titusawokuse ,10,11,330,275,304,287
N. Emrah,Aydinonat,pay1, @aydinonat ,2,0,10,"3,510",581,"2,560"
Sara,AyllÌ?n,pay16, @ayllonsara ,3,0,24,"1,017",119,227
Marina,Azzimonti,paz11, @mazzimon77 ,11,12,371,80,65,149
Ruediger,Bachmann,pba751, @bachmannrudi ,12,13,771,"6,468",67,740
Lance,Bachmeier,pba1435, @lancebachmeier ,7,7,368,"2,976",510,556
David,Backus,pba242, @NYUSternEcon ,28,39,4595,249,10,244
Stijn,Baert,pba1112, @stijn_baert ,6,3,149,"2,136",423,"3,025"
Alberto,Bagnai,pba221, @albertobagnai ,6,3,89,"165,000",562,"75,600"
Dany,Bahar,pba1149, @dany_bahar ,3,2,64,"5,035",890,"15,300"
RaÃºl,Bajo-Buenestado,pba571, @raulbajob ,1,0,2,"1,928",192,199
Richard,Baldwin,pba124, @baldwinre ,44,76,6422,"22,900","1,311","16,200"
Arsenio,Balisacan,pba300, @ambalisacan ,9,9,344,743,184,526
Asma,Baloch,pba262, @asmahyder ,4,2,58,"1,301",159,326
Roberto,Bande,pba387, @roberto_bande ,4,2,89,"1,305",202,138
Nelson,Barbosa-Filho,pba98, @nelsonhbarbosa ,7,5,228,"1,092",274,"4,053"
Jason,Barr,pba130, @jasonbarrru ,5,2,106,266,293,96
John,Barrdear,pba1222, @johnbarrdear ,3,3,59,"1,249",371,204
Alan,Barreca,pba1012, @alanbarreca ,7,7,271,"1,327",396,321
Felipe,Barrera-Osorio,pba426, @felbarrera ,9,9,353,"1,882",553,"2,821"
ZoltÃ¡n,Bartha,pba1146, @z655321 ,3,0,21,31,16,26
Timothy,Bartik,pba76, @timbartik ,16,24,1848,"5,166","1,599","1,813"
Francesco,Bartolucci,pba960, @f_bartolucci ,8,7,267,47,70,77
Moreno,Baruffini,pba745, @baruffinimoreno ,1,0,3,623,414,137
Kaushik,Basu,pba464, @kaushikcbasu ,23,46,2497,"5,420",632,"102,000"
Bernardo,Batiz-Lazo,pba14, @batizlazo ,3,0,26,"74,600","2,618","2,530"
Stefan,Bauernschuster,pba546, @sbauernschuster ,10,10,372,178,115,111
Christopher,Baum,pba1, @cfbaum ,19,44,2822,543,70,119
Remi,Bazillier,pba247, @remibaz ,3,2,54,"3,149",903,"1,042"
Lasse,Becker,pbe966, @lassebecker ,1,0,6,"15,500","1,526","4,530"
Sascha,Becker,pbe98, @essobecker ,25,33,2745,"3,602",480,"1,853"
Jodi,Beggs,pbe340, @jodiecongirl ,25,33,2745,"36,100","2,391","14,400"
GermÃ ,Bel,pbe104, @gebelque ,12,16,536,"23,400","2,769","70,800"
Antoine,Belgodere,pbe372, @abelgo_optimum ,2,0,14,"1,879",341,562
Peter,Bell,pbe887, @peternbell ,1,0,1,"19,800","1,474","1,210"
Marc,Bellemare,pbe260, @marcfbellemare ,10,13,513,"15,400","2,359","4,840"
AgnÃ¨s,Benassy-Quere,pbe105, @agnesbq1 ,20,34,1336,50,47,415
Jonathan,Benchimol,pbe432, @benchimolium ,2,1,31,259,832,703
Patrick,Bennett,pbe1041, @pat_d_bennett ,1,0,1,46,114,55
Yonatan,Ben-Shalom,pbe736, @benshalomy ,3,1,72,993,465,230
Peter,Bent,pbe999, @phbent ,1,0,1,"6,561","4,999","3,843"
Nicoletta,Berardi,pbe700, @berardi_n_ ,3,1,39,70,95,250
Antonin,Bergeaud,pbe904, @a_bergeaud ,4,4,77,519,346,270
Peter,Bergeijk,pbe494, @economendagboek ,7,6,196,355,5,65
Niclas,Berggren,pbe3, @nonicoc ,13,17,659,"23,800",800,"1,506"
Olvar,Bergland,pbe926, @obergland ,6,4,139,"3,945",357,671
Raphael,Bergoeing,pbe8, @rbergoeingv ,10,12,410,"7,950",357,"16,800"
Martin,Berka,pbe194, @mabe74 ,7,7,153,221,212,65
Ben,Bernanke,pbe55, @benbernanke ,42,65,17993,61,2,"98,900"
Giovanni,Bernardo,pbe875, @giobernardo ,1,0,8,"1,556",689,519
Joshua,Berning,pbe588, @joshuaberning ,4,3,48,"2,039",496,298
David,Bernstein,pbe1106, @davidhbernstein ,1,0,2,48,197,25
Ata,Bertay,pbe694, @atabertay ,3,3,140,908,328,212
Alexandre,Berthe,pbe968, @aberthep7 ,1,0,6,82,222,56
Antoine,Berthou,pbe393, @antoineberthou ,10,11,316,652,209,367
James,Bessen,pbe44, @jamesbessen ,13,13,752,"2,850",584,"2,452"
Keshab,Bhattarai,pbh51, @keshabrbhattar1 ,5,1,67,194,137,34
Sumon,Bhaumik,pbh26, @sbhau ,11,12,545,"4,905",83,549
Ingo,BÃ¶bel,pbo42, @ibobel ,2,0,17,"1,946",183,244
RenÃ©,BÃ¶heim,pbh15, @rboheim ,11,11,383,"5,196",459,473
Sophie,BÃ©jean,pbj20, @sophiebejean ,3,1,28,"3,042","1,098","2,157"
David,Bieri,pbi53, @space_economy ,2,1,13,228,324,206
Vincent,Bignon,pbi82, @bignonvincent ,5,2,83,202,109,134
Faik,Bilgili,pbi181, @maviwest ,6,4,120,"6,111",252,654
Monica,Billio,pbi55, @mbillio ,15,19,940,395,206,361
John,Bistline,pbi297, @jebistline ,3,0,21,386,335,184
Hilde,BjÃ¸rnland,pbj2, @hcbjornland ,14,19,607,"1,121",251,"1,724"
Sandra,Black,pbl92, @econ_sandy ,25,35,3990,608,267,"3,061"
Olivier,Blanchard,pbl2, @ojblanchard1 ,63,124,21171,128,193,"19,300"
David,Blanchflower,pbl22, @d_blanchflower ,37,66,7033,"97,300","2,454","61,400"
Emilio,Blanco,pbl158, @emiliofblanco ,2,0,10,"3,695",543,292
Yolanda,Blasco-Martel,pbl153, @yblascom ,1,0,2,"1,614",202,239
Christopher,Blattman,pbl37, @cblatts ,10,10,750,"19,300","2,612","61,200"
Marlon,Boarnet,pbo568, @marlon_boarnet ,10,12,468,"3,619",483,"1,236"
Nuno Filipe,Boavida,pbo324, @nunoboavida ,1,0,6,578,237,194
Johannes,Boehm,pbo840, @johannesmboehm ,1,1,12,114,122,178
Peter,Boettke,pbo185, @peterboettke ,11,11,329,"10,900",236,"8,079"
Francesco,Bogliacino,pbo401, @fbogliacino ,8,7,253,"1,701",793,494
Michele,Boldrin,pbo31, @micheleboldrin ,24,37,2862,"13,700",577,"31,700"
Federico,Bonaglia,pbo68, @fbonaglia ,7,6,258,"7,530","1,219","2,236"
Fabio,Boncinelli,pbo967, @fabioso77 ,1,0,2,261,753,178
Jean-Marc,Bonnisseau,pbo292, @bonnisseaujm ,11,13,274,59,25,62
Fabrice,Borel-Mathurin,pbo904, @fabrice_bm ,1,0,5,"150,000",391,"2,198"
Anne,Boring,pbo736, @anne_boring ,2,0,9,"1,202",783,611
Vani,Borooah,pbo27, @vkborooah ,10,10,429,7,24,16
Olivier,Bos,pbo457, @olivierbos ,2,1,15,484,150,225
Alina,Botezat,pbo559, @alina_botezat ,2,0,11,166,414,39
Olivier,Bouba-Olga,pbo465, @obouba ,4,1,52,"3,405",478,"3,627"
Patrice,Bougette,pbo222, @pbougette ,3,0,22,572,416,382
Jamal,Bouoiyour,pbo522, @bouoiyour_b ,7,5,186,600,439,215
Renaud,BourlÃ¨s,pbo256, @renaudbourles ,7,6,283,804,333,228
Leah,Boustan,pbo332, @leah_boustan ,11,12,459,"6,005",756,"7,026"
Chad,Bown,pbo555, @chadbown ,14,22,631,"7,914",580,"46,600"
John,Bradbury,pbr707, @jc_bradbury ,3,3,112,"12,000",311,"3,325"
Pablo,BraÃ±as-Garza,pbr52, @behsnaps ,13,15,449,551,455,"1,320"
William,Branch,pbr196, @williamabranch ,14,16,913,916,187,219
Boris,Branisa,pbr324, @bbranisa ,6,4,94,"4,773","1,199",335
Tilman,BrÃ?ck,pbr19, @tilmanbrueck ,12,12,406,101,380,302
Jason,Briggeman,pbr521, @jbriggeman ,1,1,11,"7,988",388,534
Taggert,Brooks,pbr669, @brookstagg ,4,3,120,"1,920",476,254
Annette,Brown,pbr630, @anbrowndc ,4,2,73,"2,221",137,932
Markus,Brunnermeier,pbr31, @markuseconomist ,22,28,4523,973,507,"7,214"
Erik,Brynjolfsson,pbr87, @erikbryn ,17,23,3066,"12,700","1,171","166,000"
Alex,Bryson,pbr105, @alexanderbryson ,14,23,854,378,8,439
Kasey,Buckles,pbu157, @kasey_buckles ,7,5,271,303,127,990
John,Budd,pbu1, @johnwbudd ,8,7,319,"1,557",167,562
Ioan Sebastian,Buhai,pbu72, @sbuhai ,4,2,48,"6,915",99,188
Gabriel,BurdÃ?n,pbu170, @gabrielburdin ,4,2,97,"5,346","1,849","1,575"
Paul,Burke,pbu214, @burke_ec ,9,8,214,"2,665","1,138","1,244"
Fiona,Burlig,pbu426, @fburlig ,1,0,3,"2,392","1,776",895
Matthieu,Bussiere,pbu118, @matt_bussiere ,21,31,1399,569,196,271
Kristy,Buzard,pbu379, @kbuzard7 ,4,0,32,167,50,103
David,Byrne,pby17, @tornqvist999 ,6,6,206,703,95,419
Gustavo,Caballero Orozco,pca706, @gcaballeroo ,1,0,3,"6,044",716,200
Antonio,Cabrales,pca5, @cabralestweet ,18,28,893,"1,952",406,"2,642"
Julia,Cag√©,pca601, @cagejulia ,5,2,66,"4,614","1,858","13,300"
Christophe,Cahn,pca442, @economhipster ,7,4,138,33,55,45
Leigh,Caldwell,pca547, @leighblue ,7,4,138,"78,100","4,016","4,774"
Enrique,Calfucura,pca119, @enriquecalfucur ,4,2,54,"6,805",456,637
Gray,Calhoun,pca491, @grayclhn ,2,1,16,2,140,151
Mercedez,Callenes,pca676, @m_callenes ,2,1,31,22,88,32
Adriana,Camacho,pca400, @adcamach ,8,7,269,"1,725",306,"1,735"
James,Campbell,pca1243, @jamesdcamp ,1,1,18,"4,089","1,302",457
Stuart,Campbell,pca940, @_stuartcampbell ,1,1,11,"2,000",725,727
Douglas,Campbell,pca584, @tradeandmoney ,4,1,34,"1,348","5,982","6,179"
Nauro,Campos,pca133, @naurocampos ,17,34,1080,"6,233",211,548
Raymundo,Campos-Vazquez,pca931, @rmcamposvazquez ,7,6,117,"3,496",482,"3,029"
Massimo,Canali,pca651, @massimocanali3 ,1,0,2,28,29,16
Fabien,Candau,pca221, @blogageco ,3,1,68,"2,638",997,962
Cristiano,Cantore,pca433, @c_cantore ,7,3,104,"16,700",735,356
C. Monica,Capra,pca93, @cmoncap ,9,9,312,683,197,239
Santiago,Carbo Valverde,pca189, @scarboval ,12,13,650,"9,828","1,553","5,964"
Carlo,Carraro,pca270, @ccarraro_unive ,22,39,1947,"1,424",190,"1,314"
Edward,Cartwright,pca11, @cartwright_e ,6,2,100,65,89,23
Barbara,Casu,pca151, @bcasulukac ,13,15,681,69,81,48
John,Cawley,pca6, @cawley_john ,22,39,2161,"1,466",562,"2,011"
Hugo,Cerqueira,pce10, @economicthought ,1,0,2,"2,882",21,"2,959"
Rafael,Cezar,pce118, @rafcezarr ,4,2,57,19,71,95
Lekha,Chakraborty,pch589, @lekhachakrborty ,4,0,41,"13,300",932,684
Areendam,Chanda,pch59, @areendam_c ,10,10,1077,618,289,160
Arthur,Charpentier,pch1623, @freakonometrics ,5,4,105,"45,900","11,400","21,800"
Cl√©o,Chassonnery-Za√Øgouche,pch1191, @cleocz ,1,0,1,"1,027",745,427
Partha,Chatterjee,pch479, @p_chatterjee ,4,2,43,13,47,7
Xi,Chen,pch679, @xcyale ,4,1,49,663,288,284
Zhuo,Chen,pch405, @zhuo_adam_chen ,8,6,264,633,408,198
Beatrice,Cherrier,pch1668, @undercoverhist ,3,0,21,"12,300","4,752","7,368"
John,Chilton,pch803, @uaeeconomist ,4,3,61,"7,599",648,278
Mireille,Chiroleu-Assouline,pch456, @mchiroleua ,5,4,111,196,126,215
David,Chivers,pch1198, @dave_chivers ,1,0,2,"2,790",462,639
Michael,Christl,pch1472, @chr_mich ,2,0,7,"4,650",422,793
Steve,Cicala,pci93, @stevecicala ,3,1,31,"2,152",204,693
Alejandro,Cid,pci120, @alejandrocid_uy ,2,0,18,409,64,562
Victor,Claar,pcl27, @victorclaar ,2,0,10,"2,248","2,127","10,200"
Ken,Clark,pcl23, @kenclarkecon ,12,14,640,"1,446",314,348
Geoffrey,Clarke,pcl113, @nycgeoff ,1,0,3,882,"1,477",359
Michael,Clemens,pcl20, @m_clem ,17,27,1491,"34,300","3,824","33,600"
Sofronis,Clerides,pcl7, @sofronclerides ,9,8,1181,"5,124",410,"1,950"
David,Clingingsmith,pcl60, @dclingi ,4,3,130,"2,537",288,422
Paul,Clist,pcl73, @paulclist ,5,4,110,"1,326",321,268
Alex,Cobham,pco8, @alexcobham ,6,3,123,"25,400","2,570","7,983"
Alba,Collart,pco693, @ajcollart ,1,0,3,229,234,209
Matthew,Collin,pco702, @aidthoughts ,4,1,40,"4,892","2,811","3,465"
Jason,Collins,pco563, @jasonacollins ,2,1,17,"2,981",666,"2,520"
Christopher,Colvin,pco292, @cliochris ,2,0,12,656,590,722
Mariarosaria,Comunale,pco777, @mariosa_com ,3,1,38,"11,900","2,533",611
J. Ignacio,Conde-Ruiz,pco86, @conderuiz ,10,10,576,"8,887",371,"11,200"
Davide,Consoli,pco102, @davide_consoli ,8,7,200,"8,650",328,418
Amelie,Constant,pco117, @afconstant299 ,18,28,1047,371,338,227
Mihnea,Constantinescu,pco830, @mihneaconst ,1,0,8,"1,936",549,152
Gabriella,Conti,pco273, @gabri_elle76 ,10,11,344,"2,079",320,380
Lisa,Cook,pco838, @drlisadcook ,5,2,77,"6,996",939,"4,290"
Miles,Corak,pco98, @milescorak ,15,20,940,456,103,"4,964"
Laura,Coroneo,pco461, @lcoroneo ,4,2,73,87,63,297
Joan,Costa-i-Font,pco20, @joancostaifont ,15,21,587,"2,637",272,680
Virginie,Coudert,pco112, @virginiecouder1 ,17,23,852,137,196,157
J√©zabel,Couppey-Soubeyran,pco637, @jcs_mbf ,4,2,59,"2,864",483,"2,701"
Alfredo,Coutino,pco822, @alfredocoutino ,1,0,5,"2,997",14,865
Enrique,Covarrubias,pco309, @enriquecovar ,1,0,3,"1,677",152,536
Diane,Coyle,pco861, @dianecoyle1859 ,6,5,106,"34,800","1,010","17,800"
William,Craighead,pcr146, @bill_craighead ,2,1,27,434,299,76
James,Cust,pcu53, @jimcust ,6,5,101,"1,435","4,995","4,066"
Marcos,Dal Bianco,pda191, @mjdalbianco ,2,1,29,63,470,63
Joze,Damijan,pda74, @jdamijan ,12,15,737,"4,911",73,"2,661"
Gianmarco,Daniele,pda714, @giammacco ,2,1,22,271,"1,246","1,492"
Samuel,Danthine,pda237, @sdanthine ,2,0,9,"7,320","1,227",283
Thibault,Darcillon,pda721, @tdarcillon ,2,0,9,756,640,442
William,Darity,pda222, @sandydarity ,15,24,1015,"89,000","1,360","19,700"
Ram Upendra,Das,pda267, @upendra900 ,2,0,7,"3,471",325,"3,688"
Christian,Daude,pda243, @cdaude ,10,12,659,"5,559",500,"1,613"
Anda,David,pda522, @anda__david ,3,0,20,"2,522","1,041",656
Sinclair,Davidson,pda347, @sincdavidson ,4,3,77,"20,800",658,"1,654"
Paul,De Grauwe,pde1077, @pdegrauwe ,25,61,2440,"1,359",156,"48,500"
Rafael,De Hoyos,pde242, @rafadehoyos ,7,5,361,"2,317",421,"1,536"
Juan,de Lucio,pde610, @juan_de_lucio ,6,4,149,"3,650",367,627
Nathalie,de Marcellis-Warin,pde88, @n_demarcellis ,2,1,20,"8,424","3,968","1,565"
Jonathan,de Quidt,pde730, @jondequidt ,3,2,44,"3,081",339,518
Gaetan,de Rassenfosse,pde369, @gderasse ,8,7,222,371,137,348
Daniele,de Rigo,pde791, @dderigo ,2,0,9,425,47,39
Martin,De Wit,pde503, @africaeconomist ,2,2,44,"2,284","1,032","1,266"
AndrÃ©s,Dean,pde608, @andresdeanc ,5,2,107,"1,130",629,447
Ryan,Decker,pde1061, @updatedpriors ,6,5,203,"16,100",462,"2,629"
Thomas,Dee,pde619, @thomas_s_dee ,18,25,1307,971,553,"1,562"
Salim,Dehmej,pde1006, @sdehmej ,1,0,2,"1,490",491,724
Philippe,Delacote,pde391, @phildelacote ,7,3,138,"1,794",357,196
Liam,Delaney,pde287, @liamdelaneyecon ,10,12,264,"26,900","3,290","4,839"
Anne-Laure,Delatte,pba350, @aldelatte ,10,12,264,"2,340",160,"1,492"
Marina,Della Giusta,pde403, @mardelgiu ,7,4,121,739,468,290
Maria,Demertzis,pde274, @mariademertzis ,13,16,489,"1,696",160,472
Panicos,Demetriades,pde5, @pdemetriades ,18,27,2039,"2,271",423,531
Asli,Demirguc-Kunt,pde226, @ademirguckunt ,60,125,12474,288,68,780
Laurent,Denant-BoÃ¨mont,pde364, @ldenant ,6,4,295,"3,389",305,230
Kevin,Denny,pde229, @kevindenny ,10,11,335,"1,919",744,"1,204"
Maxime,Desmarais-Tremblay,pde1050, @maxime_dt ,2,0,7,296,154,214
Ralf,Dewenter,pde639, @blog_m ,10,11,261,"1,043",277,281
Sowmya,Dhanaraj,pdh57, @dhanarajsowmya ,1,0,3,1,62,20
Alessandro,Di Nola,pdi453, @aledinola ,1,1,12,"3,693",270,243
Fabio,DÃ?az,pdi466, @diazfabioandres ,6,5,101,749,946,408
Ana,Diaz Escobar,pdi179, @adiazescobar ,4,1,44,"2,655",697,764
Fernando,Diaz Lopez,pda433, @fjdiazlopez ,1,0,6,"1,464",705,310
Matt,Dickson,pdi176, @mattdickson__ ,7,7,157,"3,666",793,355
Francis,Diebold,pdi1, @francisdiebold ,53,96,15272,482,20,"2,700"
Alexander,Dilger,pdi181, @alexanderdilger ,4,1,68,"2,813",160,515
Eugen,Dimant,pdi363, @eugen_dimant ,4,3,49,359,394,135
Jonathan,Dingel,pdi319, @tradediversion ,3,2,79,"3,242",156,982
Carlo,D'Ippoliti,pdi115, @dippoliti ,5,2,54,"2,616",838,464
Dennis,Dittrich,pdi16, @davdittrich ,4,3,81,"17,200",448,"8,445"
Abdelkader,Djeflat,pdj24, @abdelkaderdjefl ,1,0,3,79,54,52
Matthias,Doepke,pdo8, @mdoepke ,15,21,2035,25,64,171
William,Doerner,pdo303, @wdoerner ,3,1,25,499,"2,635","3,286"
Takero,Doi,pdo15, @takero_doi ,6,6,143,"8,024",88,"14,900"
Jennifer,Doleac,pdo241, @jenniferdoleac ,3,1,67,"10,100","1,679","6,309"
Jim,Dolmas,pdo250, @jdolmas ,6,6,244,13,148,16
Rafael,Domenech,pdo18, @rdomenechv ,14,21,885,"8,859",429,"6,439"
Karina,Doorley,pdo214, @karinadoorley ,5,1,59,64,103,90
Jeffrey,Dorfman,pdo387, @dorfmanjeffrey ,10,12,374,"22,600",433,"2,069"
Mafini,Dosso,pdo402, @mafinidosso ,2,1,31,183,154,271
Benoit,Dostie,pdo7, @benoitdos ,8,8,302,897,256,374
Sean,Dougherty,pdo17, @econecho ,8,6,161,817,515,677
Jonas,Dovern,pdo155, @jonasdovern ,11,11,445,576,75,147
Carlo,Drago,pdr32, @drago_carlo ,3,0,22,"2,507","1,355",937
Thomas,Drechsel,pdr141, @td_econ ,3,2,100,885,618,474
Susanne,DrÃ¶ge,pdr34, @droege_s ,4,1,38,701,204,421
Andreas,Drichoutis,pdr28, @adrihout ,9,8,205,"11,000","1,206",866
Chokri,Dridi,pdr8, @dridich ,4,1,46,292,158,80
Marc,Duhamel,pdu178, @marc_duhamel ,1,1,14,"4,936",740,447
Sebastian,Dullien,pdu53, @sdullien ,6,3,125,"2,365",598,"2,038"
Pascaline,Dupas,pdu104, @dupaspascaline ,15,18,1306,50,10,"2,878"
Robert,Dur,pdu1, @durrobert ,14,18,793,"2,976",127,"2,356"
Tomaso,Duso,pdu6, @tomaso_duso ,11,13,380,882,304,369
Susan,Dynarski,pdy1, @dynarski ,16,20,1169,"75,100","2,456","17,400"
William,Easterly,pea1, @bill_easterly ,42,77,9636,"13,400","1,986","108,000"
Markus,Eberhardt,peb16, @medevecon ,11,11,535,"9,047",622,"2,312"
Florian,Ederer,ped10, @florianederer ,8,6,269,"2,492",618,"2,495"
Ryan,Edwards,ped77, @ryanbedwards ,1,0,6,"18,900","1,506","2,088"
Abiodun,Egbetokun,peg26, @egbetokun ,2,0,18,386,503,165
Barry,Eichengreen,pei2, @B_Eichengreen ,54,176,10280,"2,113",0,"30,400"
Maxwell,Ekor,pek36, @maxwellekor ,1,0,1,182,"1,193",197
Leandro,Elia,pel90, @elialeandro ,3,0,30,32,43,80
Robert,Elliott,pel11, @robertjrelliott ,21,34,1300,"2,860","1,781","1,273"
Benjamin,Elsner,pel117, @ben_elsner ,6,4,110,479,"1,007",610
Johannes,Emmerling,pem32, @johannesemm ,4,2,40,9,135,56
Robert,Engle,pen9, @Prof_RobEngle ,57,104,26383,42,21,700
Mircea,Epure,pep12, @mircea_epure ,4,1,32,"2,589",341,398
Orhan,Erdem,per106, @orhan_erdem ,3,2,29,"6,915",932,"1,589"
VerÃ?nica,Escudero,pes138, @veescudero_ ,2,1,32,243,"1,254","1,357"
Dennis,Essers,pes101, @dennisessers ,3,0,23,"1,882",121,170
Ivan,Etzo,pet10, @ivan_etzo ,4,3,106,1,1,13
Olaniyi,Evans,pev65, @evansclopedia ,1,0,4,296,18,114
Anthony,Evans,pev27, @anthonyjevans ,2,0,9,"10,400",378,"1,362"
David,Evans,pev50, @tukopamoja ,5,3,176,"9,095",514,"8,281"
Johanna,Fajardo-Gonzalez,pfa258, @johannafg ,2,1,27,311,571,323
Dean,Fantazzini,pfa92, @deanfantazzini ,7,4,137,"2,860",279,733
AndrÃ©,Farber,pfa137, @Andre_Farber ,3,1,52,11,22,25
Miguel,Faria-e-Castro,pfa225, @mfariacastro ,4,1,41,29,102,68
Roger,Farmer,pfa3, @farmerrf ,24,44,2688,"5,300",344,"8,446"
Angelo,Fasolo,pfa283, @amfasolo ,3,0,17,"14,300",815,937
Antonio,Fatas,pfa1, @antoniofatas ,17,19,1624,"4,588",128,"3,262"
Svetlana,Fedoseeva,pfe405, @s_fedoseeva ,2,0,10,"1,189",126,82
Dietmar,Fehr,pfe47, @dietmarfehr ,6,5,161,96,101,33
James,Feigenbaum,pfe480, @jamesfeigenbaum ,2,0,4,"3,168",542,"1,407"
Florentino,Felgueroso,pfe150, @ffelgueroso ,9,9,300,"2,654",225,"2,139"
Thomas,Fent,pfe127, @thomasfent ,4,1,40,34,20,20
Leopoldo,Fergusson,pfe176, @leopoldotweets ,7,7,174,"2,637",550,"4,652"
Aurelio,Fernandez Bariviera,pfe210, @econophysicslab ,4,0,46,"1,747",704,229
Laurent,Ferrara,pfe27, @ferraralaurent ,12,16,450,477,478,513
Claudio,Ferraz,pfe125, @claudferraz ,8,8,593,"4,796",722,"2,681"
JosÃ© Luis,Ferreira,pfe137, @jl_ferr ,4,2,56,"19,400",436,"3,848"
Maurizio,Fiaschetti,pfi227, @maufiaschetti ,1,0,4,352,143,39
Eleonora,Fichera,pfi204, @elliefichera ,3,0,19,"2,634",421,456
Luis,Fierro,pfi312, @luis_fierro_eco ,1,0,1,"26,800","4,932","1,580"
Martin,Filko,pfi116, @mfilko ,1,0,7,714,40,364
Robert,Finger,pfi99, @robertfinger1 ,6,3,132,806,224,464
Christian,Fischer,pfi294, @fischr_ ,1,0,8,87,91,58
Rune,Fitjar,pfi154, @fitjar ,5,3,123,"3,223","1,221",848
Jon,Fiva,pfi35, @jfiva ,10,10,215,"1,995",365,624
Sebastian,Fleitas,pfl83, @sebafle ,2,0,15,"8,813","3,963","2,064"
Erin,Fletcher,pfl142, @ekfletch ,1,0,6,"13,000",992,"1,040"
David,Flynn,pfl24, @barterisevil ,1,0,2,"35,700",501,619
Kelly,Foley,pfo151, @foley_kelly ,2,1,24,"2,682",607,492
Felix,Forster,pfo281, @forster_felix ,1,0,2,461,399,165
Giuseppe,Forte,pfo292, @cmlrqn ,1,0,3,100,178,24
Roberto,Fortich,pfo103, @robertocarlosf ,1,0,8,"33,500","1,237","1,390"
Mogens,Fosgerau,pfo10, @mogens_fosgerau ,14,29,762,97,87,132
Sebastian,Fossati,pfo140, @sebafossati ,2,0,13,"1,865",87,102
Raphael,Franck,pfr128, @raphael__franck ,8,5,214,15,185,48
Laurent,Franckx,pfr11, @laurentfranckx ,3,1,46,"11,600",475,554
Ugo,Fratesi,pfr40, @ugofratesi ,7,5,264,34,248,276
Marcel,Fratzscher,pfr34, @mfratzscher ,36,70,4350,"3,516",424,"10,800"
Sebastian,Freille,pfr72, @sebafreille ,2,1,65,"5,004",874,736
Willa,Friedman,pfr283, @willafriedman ,2,1,55,"1,342","1,273","1,441"
Paul,Frijters,pfr18, @frijterspaul ,20,37,4600,167,49,445
Wolfgang,Frimmel,pfr181, @wfrimmel ,3,0,24,12,52,40
Bernardo,Furtado,pfu54, @d_young_69 ,1,0,1,"3,806",390,407
Salim,Furth,pfu163, @salimfurth ,1,0,3,"36,300",509,"1,998"
Paulo,Gala,pga212, @paulogala ,6,4,164,"7,143","1,753","3,094"
Jaqueson,Galimberti,pga316, @galimberti_jk ,4,1,35,75,132,79
Matteo,Galizzi,pga211, @matteo_galizzi ,6,4,157,"3,369",716,941
Sebastian,Gallegos,pga303, @seba_gallegos ,4,3,44,"1,726","1,470",734
Giampiero,Gallo,pga48, @giampierogallo ,14,20,749,"2,886",590,"1,255"
Bernhard,Ganglmair,pga159, @ganglmair ,2,1,22,740,676,257
Joshua,Gans,pga42, @joshgans ,21,33,1806,"22,800",379,"6,180"
Daniel,Garcia,pga631, @dgarciaecon ,2,0,9,"2,272",689,144
Beatriz,Garcia Osma,pga265, @beagosma ,6,5,87,372,86,110
Alvaro,Garcia-Marin,pga581, @afgarciam ,5,3,74,509,457,274
Andres,Garcia-Suaza,pga253, @garciasuaza ,4,2,75,180,494,224
Luis,Garicano,pga77, @lugaricano ,18,23,1619,"10,800",210,"60,400"
Andrea,Garnero,pga606, @agarnero ,5,4,120,"9,956","1,541","2,055"
Jorge,Garza-Rodriguez,pga587, @jorgegarzardz ,2,0,14,"1,228",178,58
Silvia,Gatti,pga597, @silviagatti8 ,2,0,5,293,9,194
Patrice,Gaubert,pga589, @patricegaubert1 ,3,2,57,"3,307","2,709","1,306"
Alexia,Gaudeul,pga133, @agaudeul ,4,0,34,"3,758",924,460
Patrick,GaulÃ©,pga219, @patrick_gaule ,6,4,101,112,410,111
Guillaume,Gaulier,pga84, @ggaulier ,15,21,1125,"2,009",523,671
Alessandro,Gavazza,pga173, @a_gavazza ,9,9,193,711,315,310
Alejandro,Gaviria,pga134, @agaviriau ,13,26,913,"35,900","1,249","191,000"
Martin,Gaynor,pga1, @martinsgaynor ,20,26,1208,"18,300",675,"4,829"
FranÃ§ois,Geerolf,pge296, @fgeerolf ,2,0,11,119,733,190
Vincent,Geloso,pge257, @vincentgeloso ,2,0,6,"10,900","1,501","2,200"
Aleksandr,Gevorkyan,pge178, @avgevorkyan ,2,0,10,722,424,290
Fabio,Ghironi,pgh2, @fabioghironi ,18,24,1511,"13,700",906,"2,591"
Javier,GÃ?mez Prieto,pgm30, @jagopri ,1,0,2,"3,783","2,575","1,479"
Refet,GÃ?rkaynak,pgu93, @refetgurkaynak ,18,19,2051,894,0,"28,500"
Chloe,Gibbs,pgi306, @chloergibbs ,1,0,7,"1,321",556,"1,052"
Marek,Giebel,pgi231, @marekgiebel ,1,0,2,"1,696",985,297
Timothee,Gigout Magiorani,pgi344, @timufr ,1,0,2,488,242,52
David,Giles,pgi8, @DEAGiles ,11,14,646,"9,065",131,"2,345"
Enrique,Gilles,pgi130, @enriquegilles ,1,0,1,"1,015",381,270
Andres,Giraldo,pgi58, @af_giraldo ,2,0,13,"30,700","1,710",867
Claudia,Girardone,pgi106, @clagirardone ,12,13,605,110,243,139
Yann,Giraud,pgi180, @yannbgiraud ,2,0,13,"1,338",226,482
Corrado,Giulietti,pgi169, @c_giulietti ,9,9,269,324,323,425
Gregory,Givens,pgi104, @gregorygivens ,3,1,51,897,61,170
Steven,Glazerman,pgl62, @eduglaze ,7,7,236,"4,223",911,"2,310"
Rachel,Glennerster,pgl73, @rglenner ,9,9,625,"3,304",504,"8,018"
Christophe,Godlewski,pgo98, @chrisjgodlewski ,7,6,163,"32,900",392,572
Sebastian,Goerg,pgo244, @sebastianjgoerg ,6,5,111,215,338,265
William,Goffe,pgo13, @billgoffe ,4,3,285,327,94,166
Avi,Goldfarb,pgo53, @avicgoldfarb ,16,24,827,"1,174",454,"1,504"
Paul,Goldsmith-Pinkham,pgo624, @paulgp ,5,4,264,"9,647",740,"1,726"
Rebeca,Gomez Betancourt,pgo432, @rgbetancourt ,2,0,9,"2,297","1,751",908
Clara,Gonzalez,pgo284, @glezclarisa ,4,0,31,"4,515","1,228","1,519"
Manuel,Gonzalez-Astudillo,pgo189, @manugonzalez76 ,2,0,11,"27,100",965,"3,833"
Martin,Gonzalez-Rozada,pgo321, @martingrozada ,8,6,231,"4,125",299,"2,436"
Alberto,GonzÃ¡lez de Aledo PÃ©rez,pgo791, @agpalberto ,6,1,98,363,147,139
Joshua,Goodman,pgo281, @joshuasgoodman ,8,6,235,"5,596",292,"3,691"
Stephen,Gordon,pgo166, @stephenfgordon ,7,5,320,"40,900",627,"9,831"
Stefano,Gori,pgo728, @stefgori73 ,1,0,3,"1,519","3,791",739
Joshua,Gottlieb,pgo188, @gottliebecon ,8,8,729,"1,925",609,"1,361"
Christophe,Gouel,pgo250, @christophegouel ,8,7,178,16,63,55
Francois,Gourio,pgo158, @francoisgourio ,10,10,587,"2,188","1,485","1,206"
Catalina,Granda Carvajal,pgr245, @c2granda ,1,0,8,127,413,405
Laura,Grant,pgr248, @c0ntributary ,3,2,52,"1,412",477,566
Brigitte,Granville,pgr152, @brigranville ,7,6,145,"6,183","1,317","1,746"
Christina,Gravert,pgr385, @c_a_gravert ,4,1,51,228,245,391
Rowena,Gray,pgr390, @rowenagray6 ,3,1,29,150,541,381
Joshua,Greenstein,pgr606, @joshuapell1 ,2,1,29,498,355,138
Kevin,Grier,pgr46, @ez_angus ,14,21,1317,"4,614",493,"1,348"
Raffaele,Grimaldi,pgr339, @graffagraffa ,1,0,7,362,341,221
Shoshana,Grossbard,pgr93, @econoflove ,8,7,320,"16,700","2,297","4,020"
Richard,Grossman,pgr394, @rsgrossman ,10,10,372,437,189,316
Vincent,Grossmann-Wirth,pgr576, @vincegw ,1,0,3,749,"1,578",549
Julia,Gruebler,pgr588, @juliagruebler ,3,0,11,99,167,92
Guillaume,GruÃ¨re,pgr132, @ggruere ,8,7,160,"2,014",227,296
Andrea,Guariso,pgu517, @a_guariso ,3,1,31,80,374,150
Gianni,Guastella,pgu344, @gianniguastella ,4,0,35,205,424,114
Carlos,Guerrero-de-Lizardi,pgu157, @cgdelizardi ,2,0,12,"5,053",311,407
Pierre,GuÃ©rin,pgu370, @pierreconomics ,4,3,84,7,40,7
Marco,Guidi,pgu293, @melguidi ,1,0,9,123,274,264
Bernardo,Guimaraes,pgu115, @bernardogmrs ,8,7,323,674,122,"1,935"
Maria-Carmen,Guisan,pgu2, @mcguisan ,6,2,165,7,19,6
CÃ©line,Guivarch,pgu160, @celineguivarch ,10,11,274,"1,028","1,161","1,020"
Constantin,Gurdgiev,pgu359, @gtcost ,3,2,135,"176,000",841,"34,400"
Sergei,Guriev,pgu59, @sguriev ,16,23,923,673,85,"55,400"
Italo,Gutierrez,pgu568, @italoguti ,1,0,6,294,429,279
Fatih,Guvenen,pgu24, @fatihguvenen ,16,21,1300,"3,374",263,"1,796"
Metodij,Hadzi-Vaskov,pha531, @hadzivaskov ,2,1,26,2,2,36
Christian,Hafner,pha77, @cmhafner ,18,24,723,91,217,83
Md Mahbubul,Hakim,pha759, @mahbub_hakim ,1,0,3,19,31,8
Martin,Halla,pha188, @hallamartin ,10,10,329,782,481,287
AndrÃ©s,Ham,pha399, @ahamg ,2,1,23,"2,822",377,307
Nacer-Eddine,Hammouda,pha712, @nacereddinehamm ,2,0,12,28,40,18
Muhammad,Hanif,pha397, @nadimhanif ,7,4,123,90,76,58
Colm,Harmon,pha269, @colmharmon ,20,32,1988,"8,021",921,"1,721"
Mark,Harrison,pha297, @mark4harrison ,5,1,90,"3,354",159,"1,182"
David,Harvey,pha1135, @profdavidharvey ,4,3,211,"2,815",737,"88,600"
Zubair,Hasan,pha42, @hasan_zubair ,5,1,91,4,2,18
MÃ?bariz,Hasanov,pha570, @mubariz_hasanov ,7,4,132,488,186,173
Jonathan,Haskel,pha161, @haskelecon ,25,52,2499,"1,780",666,"3,224"
Justus,Haucap,pha87, @haucap ,13,19,663,"8,600","1,855","3,380"
Olena,Havrylchyk,pha384, @olenahavrylchyk ,9,9,301,766,849,541
Keith,Head,phe156, @ckhead ,29,41,5094,"2,807",258,503
James,Heckman,phe22, @heckmanequation ,87,209,34823,"1,622","2,043","15,400"
Scott,Hegerty,phe290, @scottwhegerty ,9,8,321,23,367,23
Gaston,Heimeriks,phe440, @gastonheimeriks ,6,4,117,994,345,510
Nathan,Hendricks,phe387, @nphendricks ,5,4,88,876,464,540
Joshua,Hendrickson,phe497, @rebeleconprof ,3,2,48,"6,585",324,"1,756"
Carlos Eduardo,HernÃ¡ndez,phe236, @cehernandezecon ,2,0,7,"1,290",708,368
Marcos,Herrera,phe373, @mherreragomez ,3,0,23,197,264,142
Garth,Heutel,phe315, @garthheutel ,12,13,436,"1,396",794,702
Paul,HÃ?nermund,phn4, @phuenermund ,2,0,16,"3,430","1,050",556
Werner,HÃ¶lzl,phl1, @whoelzl ,8,8,262,327,418,245
Ross,Hickey,phi116, @rossatronhickey ,3,1,23,892,269,193
Manuel,Hidalgo,phi57, @manuj_hidalgo ,2,1,22,"84,000","1,071","5,928"
Alexander,Hijzen,phi32, @alexanderhijzen ,15,21,786,109,194,159
Mihaly,Himics,phi176, @trialsolution ,4,1,44,29,58,13
Julian,Hinz,phi178, @julianhinz ,1,0,1,463,790,328
Keisuke,Hirano,phi11, @keisukehirano ,7,7,717,525,485,341
Kalle,Hirvonen,phi154, @kallehi ,6,2,58,692,988,495
Sandile,Hlatshwayo,phl19, @femme_economics ,3,1,25,"5,716","1,302","1,511"
Jessica,Hoel,pho556, @jess_hoel ,2,1,18,"1,463",485,"1,627"
Marc,Hofstetter,pho141, @mahofste ,5,3,87,"2,370",109,"4,554"
Seamus,Hogan,pho247, @seamus_hogan ,5,3,89,776,29,142
Tom,Holden,pho254, @t_holden ,3,2,50,676,"2,726","1,839"
Kim,Holder,pho644, @cubegrl ,2,0,5,"16,500","2,639","2,072"
Mark,Holmes,pho188, @holmes_markj ,13,21,678,11,241,81
Elke,Holst,pho166, @elkeholst ,7,6,261,999,277,980
Mario,Holzner,pho228, @marioholzner ,6,4,167,"3,217","3,384","2,033"
John,Horton,pho433, @johnjhorton ,5,1,201,"2,836",720,"2,488"
Michal,Horvath,pho183, @mh0rvath ,2,0,16,"3,745",606,464
Daniel,Howdon,pho460, @danielhowdon ,2,0,5,"6,615",358,"2,342"
Darren,Hudson,phu82, @competitiveag ,9,9,392,"2,041",450,828
Brad,Humphreys,phu36, @humphreys_brad ,14,19,608,"4,278",920,"1,022"
Rob,Hyndman,phy3, @robjhyndman ,18,27,1183,"1,183",656,"7,244"
AndrÌ©s,ÌÅlvarez,pal376, @aalvarezgallo ,2,0,9,"5,267",565,908
Roberto,Iacono,pia29, @robertoiacono83 ,1,0,1,139,567,206
Stefano,Iacus,pia3, @iacus ,6,5,372,"2,215",440,"1,197"
Ana,IbÃ¡Ã±ez,pib11, @anamibanez ,9,9,237,"2,423",975,"8,112"
Julien,Idier,pid4, @julien_idier ,5,3,134,85,172,199
Hugo,ÌÔopo,pno16, @hugonopo ,10,11,302,"15,100",800,"6,826"
Ethan,Ilzetzki,pil21, @ilzetzki ,8,7,858,"1,743",92,350
Gerardo,Infante,pin66, @ge_inf ,2,1,14,"1,210",443,482
Robert,Inklaar,pin7, @robertinklaar ,16,25,1389,164,37,195
Yannis,Ioannides,pio6, @profymi ,22,39,2005,857,106,247
Lars Peter,Ì÷sterdal,pst511, @lposterdal ,10,11,302,165,97,213
Robert,Iquiapaza,piq6, @riquiapaza ,1,0,4,"1,855",312,56
Peter,Ireland,pir1, @pirelandatbc ,22,39,2640,"1,974","1,253","1,291"
Scott,Irwin,pir28, @scottirwinui ,16,33,1135,"8,792","13,200","13,400"
Sarah,Jacobson,pja277, @sarahjacobsonec ,4,2,110,"3,003",238,851
Dany,Jaimovich,pja101, @djaimovi ,4,4,212,"1,606",392,367
Tarun,Jain,pja191, @hyderabadi_chai ,5,1,76,430,274,632
Pamela,Jakiela,pja260, @pjakiela ,6,4,219,837,942,"3,064"
David-Jan,Jansen,pja40, @djansenresearch ,13,15,936,464,89,106
Ron,Jarmin,pja54, @jarmin_ron ,21,28,2077,"1,561",310,646
Seema,Jayachandran,pja86, @seema_econ ,12,13,780,626,519,"5,223"
Henrik,Jensen,pje99, @hjecon ,14,19,913,530,55,306
Sabrina,Jeworrek,pje150, @sjeworrek ,1,0,3,30,97,33
Geraint,Johnes,pjo17, @geraintjohnes ,14,21,683,"3,893",386,"1,076"
Kelly,Jones,pjo285, @kmpjones ,3,2,42,84,183,180
Damon,Jones,pjo350, @nomadj1s ,5,5,126,"9,186","1,252","10,700"
Garett,Jones,pjo80, @garettjones ,8,7,258,"1,044",119,"9,136"
Sam,Jones,pjo324, @esamjones ,9,9,411,"3,196",802,884
Andrew,Jones,pjo98, @andrew_m_jones ,27,44,2303,128,77,630
Henrik,Jordahl,pjo15, @henrikjordahl ,11,11,502,"1,922","1,111","1,376"
Anna,Josephson,pjo314, @aljosephson ,2,2,42,"3,138",156,82
Frank,Jotzo,pjo49, @frankjotzo ,11,15,444,"4,168",731,"2,715"
Matthew,Kahn,pka41, @mattkahn1966 ,30,63,3415,"6,242",547,"2,150"
Brooks,Kaiser,pka278, @brookskaiser ,7,4,86,"4,316","1,571",770
Yannick,Kalantzis,pka185, @kalantzis ,5,2,85,261,80,139
Kenan,Kalayci,pka340, @kalayci_kenan ,3,2,61,"4,887",817,"1,235"
David,Kaplan,pka253, @david_s_kaplan ,8,8,292,"20,200",477,"4,655"
Dean,Karlan,pka56, @deankarlan ,30,50,3253,"1,532",72,"14,800"
Maximilian,Kasy,pka876, @maxkasy ,5,2,60,"1,003",229,"1,565"
Daniel,Kaufmann,pka480, @kaufmanndani ,4,1,39,322,219,159
Melissa,Kearney,pke151, @kearney_melissa ,13,15,1404,"1,180",291,"4,304"
Steve,Keen,pke123, @profstevekeen ,8,6,241,"42,200",709,"50,300"
Stijn,Kelchtermans,pke174, @kingofthebongo ,5,3,66,369,"1,506",527
Claudia,Kemfert,pke85, @ckemfert ,15,16,924,"5,110",368,"7,982"
Charles,Kenny,pke79, @charlesjkenny ,8,8,332,"19,400",409,"19,600"
Christian,Ketels,pke167, @chrisketels ,7,6,115,"1,168",165,"1,480"
Sarosh,Khan,pkh13, @saroshkhan ,1,0,8,"3,479",586,325
David,Khoudour-CastÃ©ras,pkh104, @davidkhoudour ,4,2,68,"2,729","3,006","3,801"
LÃ¡szlÃ?,KÃ?czy,pko27, @laszlokoczy ,6,4,108,549,108,110
Finn,KÃ¶rner,pkr145, @liberalkorner ,1,0,7,10,10,18
Aykut,Kibritcioglu,pki1, @akibritcioglu ,5,3,81,"22,200","1,898","9,692"
Michael,Kiley,pki4, @michaelkiley5 ,20,28,1346,38,1,34
Miles,Kimball,pki97, @mileskimball ,26,29,4813,"37,800",885,"15,900"
Gary,King,pki187, @kinggary ,14,16,1092,"4,368","10,100","26,800"
Stephen,Kinsella,pki169, @stephenkinsella ,5,2,101,"35,200","3,425","20,400"
Oliver,Kirui,pki454, @oliverkirui ,3,1,56,439,779,364
Barrett,Kirwan,pki135, @barrettkirwan ,5,4,198,"8,125","1,213",825
Matthias,Klaes,pkl20, @mkl4es ,6,3,80,"2,967",70,324
Peter,Klein,pkl1, @petergklein ,10,10,416,"5,828","2,154","8,183"
Andrzej,Klimczuk,pkl107, @andrzejklimczuk ,1,0,5,"15,500","6,143","5,601"
Jens,Klose,pkl80, @jens__klose ,8,7,123,23,61,34
Thijs,Knaap,pkn10, @thijsknaap ,3,3,63,985,212,169
Gundi,Knies,pkn24, @gundiknies ,4,2,76,"1,070",441,442
Martin,Kocher,pko29, @magratheantimes ,25,37,1945,664,550,946
David,Kohn,pko701, @davidkohn_16 ,4,4,114,755,321,552
Stanislav,Kolenikov,pko3, @statstas ,7,4,198,"7,073","1,085",920
Tom,Kompas,pko136, @tom_kompas ,12,16,473,"3,395","1,661","2,350"
Florence,Kondylis,pko416, @fkondylis ,6,5,150,453,654,476
Wojciech,Kopczuk,pko20, @wwwojtekk ,20,28,1263,"1,492",236,"1,000"
MiklÃ?s,Koren,pko6, @korenmiklos ,10,10,624,948,"1,383",557
Iikka,Korhonen,pko199, @iikkakorhonen ,12,14,689,"26,200",852,"2,046"
Dimitris,Korobilis,pko254, @dkorobilis ,13,14,906,1,1,21
Edward,Kosack,pko794, @ekosack ,1,0,4,848,232,113
Oskar,Kowalewski,pko104, @o_kowalewski ,8,7,167,34,65,36
Mark,Koyama,pko293, @markkoyama ,6,2,85,"6,109",530,"4,958"
Caroline,Krafft,pkr274, @ckrafftc ,5,3,94,170,"1,752",486
Matthias,Krapf,pkr131, @matthiaskrapf ,5,2,57,47,45,49
Oleg,Krasnopjorov,pkr201, @okrasnopjorov ,1,1,12,"1,323",404,557
Alan,Krueger,pkr63, @alan_krueger ,51,106,14740,"2,876","1,575","17,900"
Paul,Krugman,pkr10, @paulkrugman ,51,101,17585,"11,800",32,4.5M
Jan,Kunnas,pku374, @jankunnas ,4,1,39,"8,282","2,283","1,241"
Anne,Kuriakose,pku309, @atkuriakose ,2,0,9,"1,719","3,519",679
Ingrid Harvold,Kvangraven,pkv10, @ingridharvold ,1,0,3,"4,789",845,"4,460"
Marta,Lachowska,pla637, @martalachowska ,3,0,26,168,50,91
Santiago,Lago-PeÃ±as,pla71, @santiagolagop ,7,5,163,"5,921",328,"1,669"
Kamal,Lamichhane,pla799, @kamallamichhan ,2,0,7,"1,376",208,"12,600"
Neil,Lancastle,pla812, @neillancastle ,1,0,1,608,641,697
Dominika,Langenmayr,pla562, @d_langenmayr ,4,3,55,648,285,425
Sam,Langfield,pla829, @samlangfield ,6,6,183,"2,484","1,251",466
Markku,Lanne,pla260, @markkulanne ,18,25,1041,576,55,91
Valentino,Larcinese,pla117, @vlarcinese ,9,7,287,"1,318",265,801
Patrice,Laroche,pla140, @pmrlaroche ,6,4,208,5,9,6
Cristian,Larroulet Vignau,pla743, @clarroulet ,2,1,21,"11,200",997,"65,700"
Paul,Latreille,pla168, @pllatreille ,9,7,211,"12,100","1,328","1,651"
Luciano,Lavecchia,pla547, @lucianolavecchi ,2,0,9,60,"2,029","1,182"
Anne,Lavigne,pla407, @anne__lavigne ,2,0,16,"5,624",207,855
RÃ©mi,Le Gall,ple892, @legall_remi ,1,0,4,116,141,39
Andrew,Leach,ple228, @andrew_leach ,6,4,142,"80,500","1,887","19,000"
Remy,Lecat,ple453, @remylecat ,7,4,131,199,198,175
Viktor,Ledenyov,ple670, @viktoroledenyov ,1,0,3,"1,307","2,410",256
Etienne,Lehmann,ple98, @etiennelehmanne ,10,10,434,194,211,170
Fernando,Leibovici,ple692, @leibovicif ,5,5,105,110,570,165
Mark,Leonard,ple783, @jmarkleonard ,1,0,3,"3,380",502,491
Tim,Leunig,ple341, @timleunig ,7,7,161,"5,833",131,"6,559"
Andrew,Levin,ple143, @andrewtlevin ,29,40,7456,163,101,712
Philip,Levy,ple306, @philipilevy ,5,4,298,"12,600","1,123","1,932"
Eduardo,Levy Yeyati,ple99, @elyblog ,23,42,2438,"16,700",344,"32,400"
AndrÃ©s,LÃ?pez,plp8, @anlopez1962 ,5,3,139,"3,956",645,"1,802"
Ricardo,LÃ?pez,plo152, @ric4rdol ,9,8,440,57,167,131
Andreas,LÃ¶schel,pls1, @andreasloeschel ,17,26,961,"10,200","2,509","3,326"
Gerardo,Licandro,pli996, @gerardolicandro ,3,1,27,"5,032",207,"2,330"
Jeffrey,Lin,pli592, @jeffrlin ,4,4,260,498,192,223
Marco,Lombardi,plo54, @marco_jacopo ,11,13,546,34,137,109
Gladys,Lopez Acevedo,plo382, @gladyslopezwb ,8,5,188,775,39,180
Adrienne,Lucas,plu223, @profalucas ,6,5,181,137,484,491
Brian,Lucey,plu85, @brianmlucey ,21,35,1560,"105,000",538,"21,300"
Yannick,Lucotte,plu256, @ylucotte ,5,2,74,"1,736","2,356",676
Shelly,Lundberg,plu82, @shellyjlundberg ,26,32,2957,"2,231",119,"3,894"
Annamaria,Lusardi,plu347, @a_lusardi ,27,47,4121,"9,979",554,"5,988"
Jayson,Lusk,plu63, @jaysonlusk ,24,56,2314,"7,323",995,"4,605"
Ronan,Lyons,ply25, @ronanlyons ,3,1,63,"21,200",778,"18,200"
JoÃ«l,Machado Carneiro,pma1335, @econjoelmachado ,4,1,51,401,540,256
Mario,Macis,pma869, @mmacis ,10,10,312,"2,868",575,891
David,Macpherson,pma214, @macpherson_da ,13,17,704,22,61,38
Michael,Mainelli,pma2164, @mrmainelli ,1,0,4,"2,748",177,"3,500"
Paul,Makdissi,pma9, @pmakdissi ,9,8,314,250,105,72
Julien,Malizard,pma1622, @jmalizard ,3,0,19,85,668,276
Miguel,Malo,pma242, @miguel_a_malo ,7,4,175,"1,798",307,304
Paolo,Manasse,pma149, @pmanasse ,11,11,641,"2,623",976,"2,136"
Lucia,Mangiavacchi,pma1105, @lucia_mangiavac ,3,3,56,55,77,50
N. Gregory,Mankiw,pma131, @gregmankiwblog ,57,79,16159,971,1,"14,700"
Catherine,Mann,pma1323, @clmannecon ,13,16,731,"2,943",287,"4,550"
Yusuf,Mansur,pma1666, @ymansur ,2,0,7,"22,600","2,556","13,500"
Panagiotis,Mantalos,pma697, @PMantalos ,4,3,161,6,41,6
Ioana,Marinescu,pma336, @mioana ,10,10,315,"2,078",570,"4,914"
Marco,Marini,pma163, @marcomariniuni ,4,1,59,13,66,78
Mohamed,Marouani,pma684, @dalimarouani ,6,3,113,"2,069",205,480
Alejandro,Marquez-Velazquez,pma1766, @ale_marquez ,2,0,5,795,671,287
Thomas,Marsh,pma351, @thomaslmarsh1 ,9,5,381,9,37,35
ClÃ©ment,Marsilli,pma1639, @clementmarsilli ,3,2,40,894,670,315
Isabel,MartÃ?nez,pma1777, @izmartinez86 ,2,0,7,234,240,210
Inmaculada,MartÃ?nez-Zarzoso,pma470, @martinei1 ,14,17,777,23,32,36
Andrew,Martinez,pma1768, @andrewbmartinez ,3,0,15,211,82,58
Monica,Martinez-Bravo,pma1375, @monicambravo ,4,4,69,303,373,"1,041"
Pedro,Martins,pma50, @pmrsmartins ,17,26,885,"3,340","2,936","1,316"
Bruno,Martorano,pma2054, @bruno_martorano ,5,3,89,87,243,156
FrÃ©dÃ©ric,Marty,pma442, @fred_marty ,3,0,27,"1,572",378,693
Benedicta,Marzinotto,pma1298, @bmarzinotto ,5,4,78,"1,102",258,394
Ilaria,Maselli,pma1836, @ilariainbxl ,4,1,48,"2,394",813,984
William,Masters,pma113, @wamasters ,10,11,682,356,501,714
Carlos,MatÃ©,pma1469, @carlomate ,3,1,30,28,67,38
Raffaele,Mattera,pma2509, @matteraraffaele ,3,1,30,"1,595",112,66
Alan,Maynard,pma2597, @ProfAlanMaynard ,3,1,30,"34,300","1,474","12,300"
Mark,McGovern,pmc202, @mcgovern_me ,3,0,36,226,179,214
Thomas,McGregor,pmc276, @tmjmcgregor ,1,0,4,33,73,59
David,McKenzie,pmc29, @dmckenzie001 ,33,72,4324,"2,534",268,"5,370"
Marcelo,Medeiros,pme108, @marcelo_meds ,6,6,173,988,813,"2,181"
Carlos,Medina,pme245, @carlosmedinad ,7,2,157,"7,766","1,532","1,163"
Kelbesa,Megersa,pme555, @kelbesamegersa ,2,0,6,578,902,187
Rahul,Mehrotra,pme692, @rrahulmehrotra ,1,0,3,361,"1,069",231
Christopher,Meissner,pme45, @cmicmeissner ,16,18,810,429,277,550
Isabelle,Mejean,pmj1, @isabellemejean ,11,12,374,90,127,185
Luis-Fernando,MejÃ?a,pme106, @luisfermejia ,4,3,535,"2,410",566,"6,001"
Daniel,Mejia,pme228, @danielmejial ,7,6,152,"9,155",719,"20,500"
Antonio,Mele,pme328, @antoniomele101 ,1,1,15,"15,200","3,072","1,021"
Angel,Melguizo,pme327, @angelmelguizo ,7,3,131,"8,578",415,"3,083"
Marcela,MelÃ©ndez,pme414, @melendezmarcela ,6,1,108,"4,970",666,"4,049"
Taye,Mengistae,pme90, @tayemengistae ,10,10,411,569,220,67
Robert,Metcalfe,pme196, @rdmetcalfe ,9,9,316,"1,638",535,920
Dominique,Meurs,pme234, @divisquin ,8,7,266,"3,209",241,407
Sven,MÃ?ller,pml29, @geooptimization ,2,1,24,"1,686",906,729
Bryane,Michael,pmi53, @bryanebryane ,1,0,5,529,337,129
Eric,Micheels,pmi679, @ericmicheels ,1,0,8,"1,637",817,661
Jo,Michell,pmi660, @jomicheii ,2,2,34,"29,700",918,"4,166"
Edward,Miguel,pmi499, @tedmiguel ,26,40,3779,"10,700",238,"5,492"
Gabriel,Mihalache,pmi497, @gp_mihalache ,2,0,10,1,8,0
H. Reiju,Mihara,pmi193, @reiju21jp ,4,0,39,"9,926",25,983
Mia,Mikic,pmi105, @miamikic ,3,1,24,"4,817",323,472
Branko,Milanovic,pmi44, @brankomilan ,18,35,1283,"35,200",931,"45,700"
Joshua,Miller,pmi476, @jben0 ,5,0,38,986,252,416
Helen,Miller,pmi761, @helenmiller_ifs ,6,5,134,"1,072",407,"1,134"
Kevin,Milligan,pmi14, @kevinmilligan ,18,29,1650,"4,194",167,"9,066"
Jorge,Miranda Pinto,pmi490, @cokemp ,1,0,2,"1,600",537,270
Antoine,Missemer,pmi711, @ant_mis1 ,2,0,8,479,599,779
Matthew,Mitchell,pmi30, @m_ttm_ ,10,10,310,"2,142",304,355
Olivia,Mitchell,pmi73, @os_mitchell ,28,66,3632,"5,593",449,"2,746"
Kurt,Mitman,pmi418, @sorrytobekurt ,9,8,245,"3,579",308,"1,030"
Jarle,MÃ¸en,pmo44, @jarlenhh ,10,10,552,456,918,999
JÃ¸rgen,Modalsli,pmo642, @modalsli ,3,0,19,179,390,160
Kamiar,Mohaddes,pmo519, @kamiarmohaddes ,11,12,352,293,420,274
Vahid,Mohamad Taghvaee,pmo908, @vahidestan ,1,0,4,36,31,25
Ghulam,Mohey-ud-din,pab58, @moheyuddin ,1,0,4,962,249,58
Benoit,Mojon,pmo43, @benoitmojon ,22,25,1826,106,212,331
Oswaldo,Molina,pmo979, @oswaldomolinac ,2,0,12,995,659,"1,320"
Leonardo,Monasterio,pmo360, @lmonasterio ,4,0,30,"17,500",917,"3,978"
Christian Alexander,Mongeau Ospina,pmo915, @chrmongeau ,1,0,3,948,224,432
AntÃ?nio,Moniz,pmo357, @abmoniz ,2,1,24,"1,708","1,393",564
Eric,Monnet,pmo745, @monneteric ,4,1,40,122,140,139
Salvatore,Monni,pmo251, @salvatoremonni ,4,3,116,"3,606","2,566","3,344"
Pierre,Monnin,pmo1000, @pierre_monnin ,5,3,127,874,100,280
Jorge,Morales Meoqui,pmo601, @moralesmeoqui ,1,0,1,"2,239",655,116
Mauricio,Moreira,pmo138, @mmesquitam ,6,6,211,"1,012",175,435
Matteo,Morini,pmo191, @_marameo_ ,1,0,4,652,316,171
Charles,Moss,pmo212, @moss_charles ,8,8,277,165,23,5
Giorgio,Motta,pmo372, @grg_motta ,5,2,55,"6,016","1,218",324
Brent,Moulton,pmo70, @brent_moulton ,10,10,1956,252,530,848
Drew,Moxon,pmo969, @dsmoxon ,1,0,1,"7,110",783,"1,001"
Soumyatanu,Mukherjee,pmu369, @soumyatanumukhe ,1,0,2,"2,009",214,83
Sacchidananda,Mukherjee,pmu174, @sachsspeaks ,3,0,32,173,170,58
Noel,Muller,pmu564, @noelmllr ,1,0,1,114,455,105
Karthik,Muralidharan,pmu102, @prof_karthik_m ,12,12,769,628,126,"5,582"
Abhinay,Muthoo,pmu6, @abhinaymuthoo ,11,13,783,77,20,133
Tommaso,Nannicini,pna56, @tnannicini ,17,20,1275,"7,864","1,747","10,600"
Harun,Nasir,pna561, @harunnasir ,17,20,1275,219,75,97
Max,Nathan,pna331, @iammaxnathan ,8,7,169,"4,233",794,"1,871"
Reynold,Nathanael,pna580, @reynoldcnathan ,1,0,4,13,19,53
Trilce,Navarrete,pna552, @trilcenavarrete ,2,0,8,"4,485",422,681
NoemÃ?,Navarro,pna169, @noenavarro ,6,2,110,"2,422",250,84
Erik,Nelson,pne266, @mnriles01 ,4,2,53,137,182,69
Mariya,Neycheva,pne67, @mariyaneycheva ,2,0,17,12,44,60
BenoÃ®t,Nguyen,png225, @benoit_nguyen ,3,1,18,442,117,243
GaÃ«tan,NicodÃ¨me,pni10, @gaetannicodeme ,19,30,1220,685,"1,256",492
Paul,Niehaus,pni384, @paulfniehaus ,6,6,189,"1,700",179,"2,840"
Milena,Nikolova,pni401, @milenkanik ,5,3,58,791,"1,174",464
Tomas,Nilsson,pni30, @tknilsso ,3,2,58,"2,451",154,357
Volker,Nitsch,pni58, @nitschv ,13,17,777,318,190,378
Jonathan,Nitzan,pni2, @bichlernitzan ,7,3,200,266,43,108
Olena,Nizalova,pni153, @olniz ,3,2,72,"7,135","1,093",679
Marco,Novarese,pno2, @mmarconov ,3,0,31,19,33,55
Dennis,Novy,pno75, @dennisnovy ,12,14,613,"1,158",499,"1,132"
Paulo,Nunes,pnu9, @paldnunes ,8,8,309,"1,421",426,186
Nathan,Nunn,pnu17, @nnunn99 ,18,22,2600,"5,135","1,019","3,923"
Bogdan,Oancea,poa5, @bogdan__oancea ,2,0,20,844,386,69
Harald,Oberhofer,pob22, @ho2604 ,6,3,129,"5,713",296,589
Nonso,Obikili,pob47, @nonso2 ,3,0,12,"27,900","1,035","5,128"
Fumio,Ohtake,poh7, @fohtake ,10,10,333,"8,435",217,"20,000"
Boniface,Okuda,pok55, @bokuda ,10,10,333,297,"1,196",342
Iliana,Olivie Aldasoro,pol200, @iolivie ,1,1,11,"2,197",268,"1,421"
Martha,Olney,pol213, @marthaolney ,3,1,62,"3,052",31,"2,201"
Marius,Ooms,poo1, @econlinks ,13,16,565,"2,896",618,924
Kweku,Opoku-Agyemang,pop25, @kweku_oa ,13,16,565,"7,808","3,997","3,288"
Anthony,Orji,por167, @tonyorji1 ,2,0,11,"3,525","1,043",357
Kevin,O'Rourke,por7, @kevinhorourke ,22,40,2154,"3,759",592,"5,322"
Eduardo,Ortiz-Juarez,por80, @eduardoortizj ,4,4,182,"1,464",605,475
Amber,Osman,pos57, @amb3r12 ,2,0,16,171,258,145
Carlos,Ospino,pos65, @carlos_g_ospino ,3,1,25,"13,900",665,652
Amine,Ouazad,pou20, @amine_ouazad ,4,3,59,"2,886","1,524",903
A.,Over,pov11, @meadover ,6,3,109,410,121,749
Gokhan,Ozertan,poz31, @gokhanozertan ,2,0,14,"2,958",939,"1,484"
Owen,Ozier,poz63, @owenozier ,4,4,310,883,246,972
Adam,Ozimek,poz92, @modeledbehavior ,2,1,30,"66,200",332,"34,100"
Ali,Ozkes,poz53, @ozkesali ,2,0,9,"1,250",466,331
Ilhan,Ozturk,poz20, @ilhanozturk ,24,44,2357,26,25,83
Alessia,Paccagnini,ppa357, @alessia_metrics ,7,3,118,484,"1,447",315
Analisa,Packham,ppa1176, @analisapackham ,2,0,11,935,225,373
Lionel,Page,ppa1108, @page_eco ,10,10,172,"2,471",282,"2,690"
Theodore,Palivos,ppa134, @t_palivos ,13,15,526,"1,133",177,299
Stephane,Pallage,ppa3, @spallage ,9,9,457,"1,027",751,"1,085"
Nuno,Palma,ppa251, @nunopgpalma ,2,0,7,367,290,711
Elisenda,Paluzie,ppa29, @epaluzie ,7,6,202,"15,600","2,031","40,700"
Theodore,Panagiotidis,ppa215, @tpanagiotidis ,12,15,487,"2,135",252,206
Radhika,Pandey,ppa632, @radhikaskp ,4,1,41,408,43,372
Ugo,Panizza,ppa92, @upanizza ,25,48,2959,"5,291",673,"1,415"
JuliÃ¡n,Parra-PolanÃ?a,ppa741, @japuneco79 ,4,1,47,730,466,618
David,Parsley,ppa30, @dc_parsley ,15,18,1298,991,211,118
M. Daniele,Paserman,ppa129, @danielepaserman ,17,19,990,"1,593",502,982
Evgenia,Passari,ppa1083, @evgenia_passari ,1,1,34,27,99,100
Francesco,Pastore,ppa23, @francpastore ,10,10,295,"1,530",436,386
Harry,Patrinos,ppa91, @hpatrinos ,13,17,1319,"8,930","2,982","4,383"
Gert,Peersman,ppe413, @gertpeersman ,24,29,2592,"2,333",624,"8,721"
Thomas,Peeters,ppe415, @thpeeter ,5,3,51,356,204,206
Ximena,PeÃ±a,ppe259, @ximena_pena ,6,5,138,"2,651",990,"2,642"
Andreas,Peichl,ppe202, @apeichl ,18,32,1237,"5,324","1,841","2,088"
Matteo,Pelagatti,ppe139, @matteopela ,6,4,124,16,78,49
Panu,Pelkonen,ppe467, @ppelk ,4,4,119,985,188,271
Martino,Pelli,ppe632, @martinopelli ,1,1,22,352,292,114
Marco,Pelliccia,ppe594, @mpelli3 ,1,0,1,"1,184",145,48
Luca,Pensieroso,ppe161, @lucalln ,4,1,30,74,86,52
Rafael,Pereira,ppe512, @urbandemog ,1,0,4,"7,443","1,916","6,801"
Luis,Pereira,ppe189, @lbritespereira ,3,0,17,320,"1,305",189
Yannick,Perez,ppe308, @yannick_perez ,8,5,161,"1,757","1,752",814
Vicente,Perez-Chamorro,ppe340, @vapercha ,1,0,9,19,50,35
Mathieu,Perona,ppe402, @mathieuperona ,1,0,3,"9,558",280,649
Maria,Persson,ppe395, @mariaperssonlu ,8,7,183,233,636,245
Michael,Pesko,ppe676, @mikepesko ,3,0,18,69,36,154
Glen,Peters,ppe462, @peters_glen ,10,11,608,"10,900",625,"7,055"
Carmelo,Petraglia,ppe156, @c_petraglia ,7,7,213,"2,993",221,416
Dennis,Petrie,ppe206, @dennisjpetrie ,5,1,66,566,339,291
Richard,Phelps,pph73, @richardpphelps ,1,0,4,"5,999",482,582
Edmund,Phelps,pph34, @EdmundPhelps ,20,32,2802,243,116,"1,846"
Levi,PÃ©rez,ppe450, @perezlevi ,3,0,25,"5,578",484,343
Jorge,PÃ©rez PÃ©rez,ppe453, @jorpppp ,1,0,1,"2,454",608,352
Marcin,Piatkowski,ppi215, @mmpiatkowski ,5,1,88,"15,600",524,"2,945"
Giovanni,Pica,ppi36, @giovapica ,10,10,427,451,736,390
Gina,Pieters,ppi307, @prof_pieters ,1,0,3,908,619,656
Clemente,Pignatti,ppi447, @clpignatti ,2,0,11,589,440,297
Thomas,Piketty,ppi17, @pikettylemonde ,28,38,4253,155,13,"52,500"
Ville,Pikkarainen,ppi441, @v_pikkarainen ,1,0,1,678,"12,700","11,600"
Dirk,Pilat,ppi98, @pilatsti ,11,11,529,"6,326","1,252","1,489"
Julien,Pinter,ppi414, @julienp_bsi ,1,0,1,"1,210",373,489
Paul,Pival,ppi410, @ppival ,1,0,1,"19,000",990,"1,080"
Sonia,Plaza,ppl41, @plazasonia ,5,5,150,"2,714","1,169","1,031"
Maksym,Polyakov,ppo264, @maksympolyakov ,3,1,30,687,152,107
Dina,Pomeranz,ppo414, @dinapomeranz ,4,4,198,"26,000","4,614","27,500"
Vincent,Pons,ppo637, @vinpons ,2,1,103,858,"1,230","2,086"
Thomas,Porcher,ppo617, @porcherthomas ,2,0,15,"8,420","1,273","32,200"
Marta,Portela,ppo255, @atrampm ,3,2,32,"8,502",924,334
Catherine,Porter,ppo341, @econcath ,6,3,85,304,369,261
Jonathan,Portes,ppo583, @jdportes ,7,5,202,"56,500",640,"45,000"
Franck,Portier,ppo12, @fpjportier ,14,20,1154,60,16,145
Christian,Posso,ppo308, @cpossosu ,5,1,50,837,497,309
Jason,Potts,ppo78, @profjasonpotts ,7,5,255,"8,237","2,984","2,187"
Julien,Pouget,pju32, @j_pouget ,7,5,255,729,411,438
Marc,Pourroy,ppo417, @marcpourroy ,2,0,8,187,360,253
Michael,Powell,ppo453, @convexify ,3,2,31,338,693,540
Leandro,Prados de la Escosura,ppr58, @ldelaescosura ,8,7,351,126,82,424
Andrea,Presbitero,ppr57, @a_presbitero ,15,17,813,"14,500",855,"1,394"
Ian,Preston,ppr2, @ianppreston ,20,30,1911,"2,694",525,"1,291"
Richard,Price,ppr368, @richardprice101 ,3,3,86,"2,828",631,"1,690"
Eugenio,Proto,ppr82, @eugenioproto ,8,5,225,"1,993",376,677
Espen,Prydz,ppr317, @espry ,3,2,53,"1,017",484,919
Esteban,Puentes,ppu67, @epuentese ,4,1,60,937,501,595
Riccardo,Puglisi,ppu49, @ricpuglisi ,8,7,238,"167,000","6,225","23,100"
ThÃ©rÃ¨se,Quang,pqu101, @qngth ,1,1,10,394,253,240
Bastiaan,Quast,pqu133, @baquast ,1,1,12,145,373,116
Philippe,Quirion,pqu23, @pquirion1 ,15,19,784,285,164,260
Roberta,Rabellotti,pra101, @robertarab ,13,13,576,785,340,420
Nicholas,Rada,pra456, @nicholas_rada ,5,1,66,"1,207",251,275
Matthias,Raddant,pra520, @econ_mtr ,4,1,43,13,25,33
Mizanur,Rahman,pra122, @mizanur2253 ,1,0,4,"8,268",467,"1,284"
Sendhil,Ramadas,pra810, @sendhil_ramadas ,2,0,10,210,724,228
Raul,Ramos,pra12, @raulramosl ,15,19,646,322,301,246
Jesus,Ramos-Martin,pra54, @txusramos ,6,3,93,"9,525",355,611
Fernando,Ramos-Palencia,pra435, @framospalencia ,2,0,13,"10,800",555,367
Tyler,Ransom,pra541, @tyleransom ,2,1,29,"1,945",539,391
Martin,Rapetti,pra581, @mgrapetti ,8,8,213,"4,591","1,018","6,519"
Paul,Raschky,pra269, @paulraschky ,9,9,439,623,324,433
Imran,Rasul,pra365, @imranrasul3 ,25,32,2435,938,336,"2,598"
Roland,Rathelot,pra238, @rolandrathelot ,7,7,410,29,201,268
Martin,Ravallion,pra29, @MartinRavallion ,54,160,10313,"1,034",246,"6,606"
SÃ¸ren Hove,Ravn,pra848, @s_hoveravn ,3,1,24,471,238,362
Vikas,Rawal,pra76, @panread ,2,0,17,385,146,32
Saon,Ray,pra545, @saonray ,1,0,1,115,58,22
Mark,Reader,pre90, @reader_ma ,2,0,7,"2,517",388,198
Alessandro,Rebucci,pre6, @arebucci1 ,18,26,988,133,358,281
Agustin,Redonda,pre377, @aredonda ,1,0,7,"2,001",513,163
Mari,Rege,pre427, @marisrege ,13,16,718,334,280,797
Carlo,Reggiani,pre205, @mikybartoli ,4,3,54,"3,885",412,202
Miriam,Rehm,pre416, @miriamrehm ,5,2,67,130,267,294
Simon,Reif,pre501, @simonreif ,1,0,5,534,345,202
Carmen,Reinhart,pre33, @carmenmreinhart ,68,115,23897,11,28,"1,100"
Helmut,Reisen,pre79, @hrreisen ,13,15,586,"8,597",393,"1,360"
Daniel,Reiss,pre288, @danielreiss ,1,0,2,231,79,118
Brandon,Restrepo,pre412, @brandonbits ,2,0,11,25,218,36
Jorge,Restrepo,pre46, @jorgearestrepo ,3,1,46,"87,100",469,"18,000"
Helene,Rey,pre8, @helene_rey ,25,33,3416,455,392,"1,093"
Luis,Reyes,pre302, @luiscrh ,1,0,8,"1,914",286,437
Alan,Reynolds,pre514, @alanreynoldsecn ,1,0,7,"9,718",783,"1,548"
Felipe,Rezende,pre417, @f_derezende ,1,0,2,"1,071",218,"1,513"
Raymond,Riezman,pri43, @rafer77 ,18,25,1135,114,77,24
Dagfinn,Rime,pri21, @dagfinnrime ,15,17,694,112,276,196
Ulf,Rinne,pri117, @ulfrinne ,12,17,423,844,258,225
Nicholas,Rivers,pri290, @riversnic ,11,15,289,"2,465",326,"1,571"
Juan,Robalino,pro542, @jrobalinoecon ,9,8,213,355,414,157
Jose,Roche,pro572, @jomroche ,5,3,166,"5,882","2,117","1,782"
Louis-Philippe,Rochon,pro341, @lprochon ,7,2,188,"3,542",80,"1,126"
AndrÃ©s,RodrÃ?guez-Pose,pro131, @rodriguez_pose ,23,52,1856,483,940,"1,679"
Dani,Rodrik,pro60, @rodrikdani ,50,109,13919,"19,800",407,"92,700"
Ole,Rogeberg,pro413, @olerogeberg ,4,3,106,"1,736",157,448
Kenneth,Rogoff,pro164, @krogoff ,63,109,28586,459,178,"11,400"
Luis,Rojas,pro316, @luiserojasd ,5,1,42,61,89,38
Davide,Romelli,pro694, @davideromelli ,3,1,30,949,498,259
Isidoro,Romero,pro242, @romeroisidoro ,4,1,72,"2,880",145,557
Fabien,Rondeau,pro269, @fabien_rondeau ,1,0,4,106,83,67
Sara,Rose Taylor,pro893, @sararosetaylor ,1,0,3,"2,498","1,068",538
Joshua,Rosenbloom,pro664, @jlrosenbloom ,7,5,240,390,116,129
Knut Einar,Rosendahl,pro819, @rosendahlke ,15,28,851,"1,051",558,817
Dale,Rosenthal,pro359, @dale_rosenthal ,2,0,9,617,6,814
Max,Roser,pro1089, @maxcroser ,2,0,12,"5,162",638,"124,000"
Maximo,Rossi,pro22, @maximrossi ,7,6,273,"2,708",308,555
Renzo,Rossini,pro502, @renzorossini ,6,3,81,"2,661",747,954
David,Rothschild,pro1033, @davmicrot ,3,0,13,"15,000",96,"18,800"
Andrea,Roventini,pro188, @andrearoventini ,12,13,703,"1,082",152,"1,653"
Nicholas,Rowe,pro12, @macrowenick ,4,0,34,"7,295",147,"2,120"
Vicente,Royuela,pro311, @vicenteroyuela ,13,16,473,366,152,178
Jared,Rubin,pru106, @jaredcrubin ,8,8,181,"1,702",426,"2,380"
Christopher,Ruebeck,pru128, @ruebeck ,4,3,98,"4,204",496,244
Valeria,Rueda,pru297, @valiguaran ,1,1,14,174,511,149
Horatiu,Rus,pru116, @horatiurus ,2,0,11,"3,853",668,341
Levi,Russell,pru288, @farmerhayek ,1,0,3,598,656,948
Angeloantonio,Russo,pru281, @arussophd ,5,5,154,398,423,252
Alberto,Russo,pru93, @albertorusso76 ,10,10,425,"1,848",395,498
Tuukka,Saarimaa,psa721, @tsaarimaa ,5,2,78,"4,045","1,624","2,546"
Raffaella,Sadun,psa385, @raffasadun ,15,16,927,"1,747",395,"2,153"
Afsin,Sahin,psa1016, @afsinsahin ,3,0,24,12,320,87
Claudia,Sahm,psa596, @claudia_sahm ,6,4,213,"10,400",700,"7,039"
Jean-Guillaume,Sahuc,psa109, @jgsahuc ,10,10,351,147,81,182
Xavier,Sala-i-Martin,psa510, @xsalaimartin ,39,53,8792,"19,700",264,"442,000"
Sener,Salci,psa1406, @senersalci ,1,0,5,161,218,103
JoaquÃ?n,Saldain,psa1416, @joaco_saldain ,1,0,3,"11,100",833,574
Francesco,Salustri,psa1373, @francescosalust ,2,0,11,"1,416",999,282
Pablo,Salvador,psa413, @pablofsalvador ,2,1,45,"15,900","1,503","2,270"
Christopher,Sampson,psa1048, @chrissampson87 ,1,0,1,"3,286",971,"1,150"
Juan,Sanchez,psa150, @vediense ,9,8,373,"2,035",398,426
Blanca,Sanchez-Robles,psa130, @blancasanchezr1 ,5,3,313,56,"3,608","4,246"
Justin,Sandefur,psa778, @justinsandefur ,9,7,218,"14,500","1,701","12,000"
Danielle,Sandler,psa1240, @dhsandler ,2,1,16,"3,037",289,406
Marco,Sanfilippo,psa712, @marcosanfilip ,7,6,190,251,318,167
Miguel,Santos,psa1518, @miguelsantos12 ,1,0,3,"21,300","2,035","49,700"
Rita,Santos,psa1499, @ritasantos05 ,4,1,51,648,507,519
Paulo,Santos Monteiro,psa407, @santosmonteirop ,4,0,32,445,359,96
Chandan,Sapkota,psa834, @csapkota ,2,0,9,"18,400",981,"11,400"
Francesco,Saraceno,psa106, @fsaraceno ,10,10,285,"7,294",698,"2,446"
Jan,Sauermann,psa356, @jansauermann ,6,5,103,131,190,269
Yasuyuki,Sawada,psa494, @yasusawada ,12,15,602,"1,468",392,"2,180"
Volker,Schallehn,psc341, @vschallehn ,12,15,602,69,65,79
Wolf-Peter,Schill,psc650, @wpschill ,8,7,208,39,80,97
Tammy,Schirle,psc223, @tammyschirle ,5,2,118,"9,313",146,"1,927"
Isabel,Schnabel,psc48, @isabel_schnabel ,12,15,567,"2,337",196,"2,173"
Alyssa,Schneebaum,psc389, @drsnowtree ,4,1,47,169,336,243
Markus,Schneider,psc667, @econogonzo ,2,0,7,899,252,195
Jan,Schnellenbach,psc53, @schnellenbachj ,10,11,385,"2,703",518,449
Christian,Schubert,psc236, @schubertdr ,6,4,96,"4,216","2,248",893
Jenny,Schuetz,psc685, @jenny_schuetz ,4,2,102,442,197,648
Jonathan,Schulz,psc586, @jf_schulz ,3,2,60,235,448,577
Reimund,Schwarze,psc591, @rschwarze ,7,5,144,"4,202",746,867
Paul,Schweinzer,psc108, @pschweinzer ,4,2,72,147,379,96
Andrew,Scott,psc65, @ajslondon1 ,14,16,846,726,426,"1,321"
Teodor,Sedlarski,pse425, @sedlarski ,1,0,2,"2,340",783,749
Sarah Grace,See,pse438, @sarahgracesee ,1,1,13,207,881,108
Julia,Seiermann,pse599, @juliaseiermann ,1,1,13,208,524,274
Jim,Sentance,pse255, @sentancej ,1,0,9,"2,045",101,158
Danila,Serra,pse222, @danilaserra_eco ,7,6,351,104,537,498
Rajiv,Sethi,pse5, @rajivatbarnard ,13,21,870,"1,837",410,"2,206"
Battista,Severgnini,pse182, @bsevergnini ,5,2,59,556,932,320
Philip,Shapira,psh171, @philipshapira ,8,6,257,596,149,626
Oleksandr,Shepotylo,psh191, @shepotylo ,6,3,167,"1,050",471,76
Roman,Sheremeta,psh307, @rshereme ,19,33,1331,25,31,137
Brandon,Sheridan,psh651, @economics_bs ,3,1,27,"1,029",243,301
Robert,Shiller,psh69, @robertjshiller ,42,85,9924,210,32,"117,000"
Hyun Song,Shin,psh692, @hyunsongshin ,41,108,6842,768,386,"16,200"
Isaac,SÃ¡nchez-JuÃ¡rez,pju66, @tiempoeconomico ,5,5,154,"4,979","3,229","4,292"
Santiago,SÃ¡nchez-PagÃ©s,psn5, @sanpages ,6,4,312,"1,497",304,402
Khalid,Siddig,psi364, @khalidhasiddig ,3,1,46,14,92,38
Francisca,Silva,psi358, @fransilvat ,2,2,44,"2,876",557,"1,252"
Olivier,Simard-Casanova,psi519, @simardcasanova ,2,2,44,"7,837",925,551
Tara,Sinclair,psi150, @tarasinc ,7,6,167,"2,661",990,"2,105"
Anushree,Sinha,psi276, @anushreesinha1 ,2,0,9,16,16,4
Hans-Werner,Sinn,psi146, @hanswernersinn ,33,79,3801,236,6,"10,500"
Ibrahim,Sirkeci,psi43, @isirkeci ,5,1,74,"2,563",932,"1,359"
Erik,SÃ¸rensen,psr18, @erikosorensen ,13,14,687,678,492,275
Peter,Sivey,psi383, @petesivey ,7,7,142,"1,628",437,366
Ahmed,Skali,psk106, @ahmedskali ,1,0,3,450,301,151
Natalia,Smirnova,psm25, @aier_natalia ,1,0,3,527,187,286
Jonathan,Smith,psm127, @jonisaacsmith ,4,2,104,269,142,213
Marcel,Smolka,psm129, @marcelsmolka ,4,2,91,83,103,53
Dennis,Snower,psn9, @djsnower ,24,46,1865,"2,572",342,"1,352"
Francesco,Sobbrio,pso242, @fsobbrio ,7,5,128,272,90,103
Aaron,Sojourner,pso238, @aaronsojourner ,7,5,96,"12,600","1,976","2,146"
Matthieu,Solignac,pso377, @msolignac ,2,0,6,"1,579","1,007",436
Ibrahim,Soliman,pso286, @profsoliman ,1,0,23,18,80,34
Daniel,Solis,pso136, @dsolisagecon ,7,7,215,"3,691",332,"1,079"
Olga,Solleder,pso360, @olgasolleder ,1,1,11,"1,100","4,881","1,918"
Aparna,Soni,pso521, @aparnasoni7 ,2,1,20,57,185,159
Raphael,Soubeyran,pso102, @rsoubeyran ,5,4,132,377,211,126
A.,Spence,psp7, @amspence98 ,23,30,4524,44,126,"10,800"
Gilles,Spielvogel,psp32, @g_spielvogel ,4,2,82,341,"1,259",443
John,Spraggon,psp74, @jmspragg ,8,8,343,54,524,10
Carlo,Stagnaro,pst436, @carlostagnaro ,1,0,5,"61,200","2,994","21,200"
Joseph,Staudt,pst827, @josephstaudt ,1,0,3,19,231,27
Walter,Steingress,pst217, @w_steingress ,4,3,125,125,105,113
David,Stern,pst75, @sterndavidi ,25,38,3424,"2,782",521,833
Betsey,Stevenson,pst145, @betseystevenson ,15,15,1381,"3,625",687,"30,400"
Holger,Stichnoth,pst308, @hstichnoth ,8,6,157,104,319,100
Joseph,Stiglitz,pst33, @JosephEStiglitz ,72,217,26319,673,93,"219,000"
Lyman,Stone,pst831, @lymanstoneky ,1,0,1,"59,700","1,131","5,799"
Yaniv,Stopnitzky,pst505, @yanivst ,1,0,9,"8,842",465,330
Michael,Strain,pst593, @michaelrstrain ,3,2,68,"1,060",187,"5,249"
Marc-Olivier,Strauss-Kahn,pst576, @marcstrausskahn ,3,1,62,"1,656",161,634
Yangki,Suara,psu343, @yangkisuara ,1,0,3,"10,700","1,607","1,650"
Arvind,Subramanian,psu108, @arvindsubraman ,24,35,4562,998,48,"94,000"
Jens,Suedekum,psu123, @jsuedekum ,18,23,894,"2,161",303,"1,485"
Lawrence,Summers,psu137, @LHSummers ,58,108,14453,"3,743",560,"112,000"
Lars,Svensson,psv2, @leosven ,48,104,9664,717,209,"4,802"
Laurens,Swinkels,psw2, @laurensswinkels ,6,4,94,"4,528","1,152","1,150"
Urszula,Szczerbowicz,psz51, @u_szczerbowicz ,4,1,81,826,677,649
Stefan,Szymanski,psz8, @sszy ,19,32,1437,"1,942",349,"8,256"
Alexander,Tabarrok,pta201, @atabarrok ,7,6,287,"1,152",317,"18,000"
Rodrigo,Taborda,pta133, @rotabori ,3,2,81,"1,918",385,85
Yamina,Tadjeddine,pta296, @yamintadjeddine ,2,0,8,320,103,178
Yuki,Takahashi,pta407, @yukitakahashi11 ,2,0,7,16,105,93
Kan,Takeuchi,pta324, @takekan ,2,2,52,"6,057",125,"4,196"
Oleksandr,Talavera,pta65, @sashatalavera ,11,16,416,349,58,98
Cecilio,Tamarit,pta130, @cecilio31 ,14,23,538,"4,659",182,248
John,Tang,pta205, @jp_tang ,3,0,23,702,118,298
Heiwai,Tang,pta306, @heiwai_tang ,8,8,212,"1,443",467,"1,252"
Stephen,Tapp,pta221, @stephen_tapp ,2,0,14,"8,371","1,045","3,713"
Artur,Tarassow,pta322, @herr_t_punkt ,2,1,45,"5,014",355,88
Finn,Tarp,pta125, @finnsangle ,21,46,2565,"13,100","14,900","22,800"
Temel,Taskin,pta426, @temeltaskin ,5,3,87,536,"1,264",278
John,Taylor,pta174, @EconomicsOne ,35,66,10548,"2,018",193,"12,900"
Dirk Willem,te Velde,pte55, @dwtevelde ,10,10,337,"3,930",499,"1,488"
Lindsay,Tedds,pte38, @lindsaytedds ,5,3,81,"7,861",875,"3,883"
Ernie,Tedeschi,pte270, @ernietedeschi ,5,3,81,"35,400","3,023","5,994"
Erdal,Tekin,pte12, @erdal_tekin_ ,16,22,722,"1,919",72,691
Gemma,Tetlow,pte169, @gemmatetlow ,6,2,100,736,193,"2,453"
Pierre-Emmanuel,Th√©rond,pth190, @pierretherond ,2,0,11,936,268,339
Olivier,Th√©venon,pth83, @othevenon ,6,5,164,"4,021","1,312",575
Richard,Thaler,pth67, @r_thaler ,50,73,12746,"5,943",500,"120,000"
Emmanuel,Thibault,pth23, @emmathibault ,4,3,99,136,78,226
Mark,Thoma,pth228, @markthoma ,7,4,221,"59,700",433,"44,600"
Katrin,Tinn,pti91, @tinn_katrin ,2,0,8,147,104,113
Jean,Tirole,pti33, @JeanTirole ,75,161,24284,10,0,"11,000"
Emilia,Tjernstrom,ptj7, @etjernst ,1,1,22,"2,620",437,598
Santiago,Tob√≥n,pto355, @santiagotobon ,1,0,1,"10,500","1,215","1,647"
Richard,Tol,pto90, @richardtol ,29,102,3605,"56,200",435,"6,441"
Trevor,Tombe,pto222, @trevortombe ,6,5,203,"46,500","4,102","9,918"
Daniele,Tori,pto318, @da8to ,3,1,29,"1,609",713,299
Sara,Torregrosa-Hetland,pto345, @sthetland ,1,0,2,"1,646",463,459
V√≠ctor,Torres Preciado,pto206, @torrespreciado ,2,0,8,933,164,67
Dario,Tortarolo,pto327, @dtortarolo ,1,0,2,"2,043",766,583
Orhan,Torul,pto175, @orhantorul ,2,0,16,"2,669",363,885
Mohamed Ali,Trabelsi,ptr145, @daly1704 ,3,0,17,20,330,15
Christian,Traxler,ptr50, @chtraxler ,11,12,427,488,289,486
Francesco,Trebbi,ptr40, @xftrebbi ,19,22,2659,"3,710",471,"2,103"
Neda,Trifkovic,ptr257, @nedat ,2,1,24,176,447,243
Sandy,Tubeuf,ptu63, @tube_of_sand ,6,5,169,834,474,308
Michele,Tuccio,ptu161, @micheletuccio ,3,0,31,949,"1,114",701
David,Tuesta,ptu97, @tuestadavid ,5,4,95,"15,300",472,"3,856"
Semih,Tumen,ptu44, @semihtumen ,6,0,62,250,495,342
Cengiz,Tunc,ptu131, @cengiz_tunc ,2,0,11,"1,169",74,24
Ibrahim,Turhan,ptu113, @ibrahimmturhan2 ,6,1,83,"2,765",102,"3,392"
Arthur,Turrell,ptu183, @arthurturrell ,1,0,7,"3,386",719,515
Paloma,Ubeda,pub10, @ubedapaloma ,3,1,29,208,488,229
Angel,Ubide,pub1, @angelubide ,9,9,332,"1,147",423,"2,165"
David,Ubilava,pub8, @dubilava ,4,2,69,385,148,183
Martin,Uebele,pue7, @martinuebele ,5,1,52,67,61,57
Jeemol,Unni,pun33, @jeemolunni ,3,1,79,880,355,480
Jorge,Uribe,pur43, @jorgemariouribe ,2,0,14,"2,665",27,240
Pierre-Louis,V√©zina,pvz5, @luiginomics ,7,4,96,842,"1,538",608
Imraan,Valodia,pva771, @ivalodia ,2,0,10,188,607,283
Bjorn,Van Campenhout,pva229, @bjvca ,7,6,180,605,657,300
Nicolas,Van de Sijpe,pva211, @nicvdsijpe ,4,3,70,"8,901",397,442
Job,van Exel,pva324, @jobvanexel ,10,11,271,"1,448",234,262
Courtney,Van Houtven,pva63, @chvanhoutven ,9,7,377,"3,143",962,690
John,van Reenen,pva45, @johnvanreenen ,46,102,9050,"14,800","1,853","17,000"
Bas,van Ruijven,pva719, @vruijven ,10,12,295,"1,313",274,335
Nicolas,van Zeebroeck,pva214, @nicvanzee ,10,10,334,178,26,101
Carmina,Vargas,pva657, @carminaovargas ,3,1,34,"3,498",152,482
Juan,Vargas,pva96, @juanf_vargas ,6,4,314,"2,368",991,"1,573"
Dimitris,Varoutas,pva52, @dvaroutas ,3,1,32,404,959,326
Mario,Veneziani,pve293, @cuginoid ,5,1,44,"1,941","2,311",663
Miroslav,Verbic,pve10, @miroslavverbic ,6,2,99,"2,146",72,148
Gauthier,Vermandel,pve282, @gvermandel ,3,1,32,"2,227",370,937
Paolo,Verme,pve105, @pverme ,8,7,235,126,47,49
Marco,Veronese Passarella,ppa651, @marco_v_p ,8,7,235,130,193,292
Joaquin,Vespignani,pve271, @jvespignani ,6,0,90,6,717,74
Niels,Vestergaard,pve81, @nielsvester ,8,8,203,278,147,160
Stan,Veuger,pve299, @stanveuger ,3,2,75,131,902,"2,605"
Vincent,Vicard,pvi108, @vvicard ,11,13,528,651,238,398
Angelino,Viceisza,pvi132, @aviceisza ,6,6,126,"3,676",20,288
Edouard,Vidon,pvi171, @edouardvidon ,3,0,22,"2,406",566,318
Juan,Villa,pvi56, @juanmvilla ,5,4,111,"5,688",463,"1,167"
Alejandro,Villagomez,pvi134, @favillagomez ,3,0,22,"10,400","1,894","10,100"
Mauricio,Villamizar-Villegas,pvi64, @mauriciovillam ,6,4,110,182,29,198
S√©bastien,Villemot,pvi141, @sebvillemot ,3,2,49,"1,318",902,"1,336"
Chaiporn,Vithessonthi,pvi291, @drchaiporn ,4,0,39,"2,242",68,97
Jonas,Vlachos,pvl4, @jonasvlachos ,12,14,588,"23,300",730,"5,203"
Dietrich,Vollrath,pvo98, @dietzvollrath ,12,12,780,837,96,"1,510"
Vadym,Volosovych,pvo44, @volosovych ,9,8,586,7,9,19
James,Wabenga Yango,pwa745, @jameswabenga ,2,0,6,6,128,14
Konstantin,Wacker,pwa432, @km_wacker ,4,0,37,767,384,333
Hannes,Wagner,pwa105, @hanneswagner ,6,5,138,278,49,179
Liam,Wagner,pwa278, @liam_wagner ,6,4,134,"9,742","4,279","2,189"
Adam,Wagstaff,pwa284, @adamw2011 ,31,60,3483,897,112,"1,470"
Parag,Waknis,pwa449, @wparag ,1,0,1,"1,818",817,263
Margaret,Walls,pwa428, @margaretwalls1 ,11,11,571,"1,877",280,406
Olivier,Walther,pwa320, @ojwalther ,5,0,37,764,436,511
Thierry,Warin,pwa190, @thierry_warin ,4,2,59,"2,375","1,161",625
Peter,Waterman,pwa6, @peterwaterman2 ,1,0,1,11,3,42
Tara,Watson,pwa238, @taraelizwatson ,8,8,202,609,424,517
Andrew,Watt,pwa731, @andrewwatteu ,4,0,39,"3,437",280,816
Matthew,Webb,pwe297, @mattdwebb ,3,2,71,112,149,122
Douglas,Webber,pwe305, @dougwebberecon ,6,4,89,"3,405",900,"1,952"
Alfons,Weichenrieder,pwe106, @alfonsj64 ,17,25,757,109,229,425
Justus,Wesseler,pwe17, @justuswesseler ,8,7,197,34,9,53
P. Joakim,Westerholm,pwe381, @joakimw ,3,0,19,995,805,863
Karl,Whelan,pwh23, @whelankarl ,19,29,1499,"11,100",274,"15,900"
T. Kirk,White,pwh3, @tkirkwhite ,6,3,147,58,34,22
Peter,Whiteford,pwh32, @whitefordpeter ,6,4,142,"48,900","4,070","3,554"
John,Whitehead,pwh15, @johnwhitehead81 ,19,31,1087,"6,652",385,887
Casey,Wichman,pwi342, @cjwich ,1,0,7,"1,268",477,446
David,Wiczer,pwi218, @wiczerd ,3,2,46,138,79,97
Volker,Wieland,pwi9, @wielandvolker ,26,34,3043,163,50,325
Tomas,Williams,pwi197, @twilliams8 ,4,3,48,"2,338",543,267
Colin,Williams,pwi356, @colin_cwilliams ,6,3,192,"9,837","5,079","4,652"
Roberton,Williams,pwi38, @roberton3will ,16,21,1171,489,180,357
Stephen,Williamson,pwi12, @1954swilliamson ,18,32,1595,"3,963",37,"2,988"
Bart,Wilson,pwi115, @bartwilson ,11,16,419,"2,701",108,486
Jennifer,Winter,pwi267, @jenwinter_yyc ,3,0,13,"3,588","1,356","1,615"
Fabian,Winter,pwi209, @soclgy ,4,1,34,46,106,55
Justin,Wolfers,pwo9, @justinwolfers ,24,32,3855,"27,200",882,"144,000"
Koi,Wong,pwo127, @wongkoinyen ,3,1,71,2,35,4
Frances,Woolley,pwo16, @franceswoolley ,7,4,238,"4,239","1,064","3,238"
Timothy,Worrall,pwo43, @timsworrall ,7,6,896,42,82,23
Simon,Wren-Lewis,pwr17, @sjwrenlewis ,15,22,848,"14,000",150,"22,900"
Guo,Xu,pxu79, @guoxu_econ ,2,0,14,57,770,"1,423"
Melanie Meng,Xue,pxu96, @melanie_xue ,1,0,1,303,193,336
Mustafa,Y√ºcel,pyu25, @erayyucel ,6,4,117,"5,669",335,481
Dean,Yang,pya75, @deanyang ,19,28,1649,667,218,"2,420"
Yosuke,Yasuda,pya185, @yagena ,3,2,129,"32,100",427,"19,700"
Hakan,Yilmazkuday,pyi32, @yilmazkuday ,9,9,217,298,791,239
Linda,Yueh,pyu233, @lindayueh ,8,8,187,"44,900","2,280","71,400"
Marios,Zachariadis,pza12, @marioszachariad ,8,8,428,"2,612",14,"1,431"
Georg,Zachmann,pza66, @georgzachmann ,7,5,271,"2,637","1,014","1,726"
Jay,Zagorsky,pza246, @prof_jay_z ,6,6,171,159,16,260
Gema,Zamarro,pza117, @gema_zamarro ,9,9,272,"1,928",413,507
Claire,Zanuso,pza297, @clairezanuso ,1,0,2,"1,087",548,413
Andrew,Zeitlin,pze70, @andrewzeitlin ,4,1,39,433,854,841
Stavros,Zenios,pas152, @stavroszenios ,4,1,39,"14,700",166,"4,578"
Yves,Zenou,pze5, @yveszenou1 ,30,72,2981,246,158,249
Mariana,Zerpa,pze64, @marianazerpa ,1,0,7,318,333,340
Owen,Zidar,pzi93, @omzidar ,4,3,89,"5,989","1,038","5,045"
Thomas,Ziesemer,pzi7, @thwziesemer ,8,7,235,2,2,10
Soledad,Zignago,pzi32, @szignago ,11,13,1228,"8,283","1,614","2,564"
Christian,Zimmermann,pzi1, @czimm_economist ,10,11,467,"1,474",158,"2,242"
Klaus,Zimmermann,pzi13, @kfzimmermann ,29,91,3554,692,140,551
Jesse,Zinn,pzi98, @jesseaaronzinn ,1,0,1,171,28,49
Dawid,Zochowski,poc8, @dzochow ,1,0,1,16,52,12
Gabriel,Zucman,pzu32, @gabriel_zucman ,9,9,699,"1,854",905,"13,300"
Martina,Zweim√ºller,pzw7, @mrszed78 ,7,6,134,23,98,25
